006150148;2018;DI;38324;
006150148;2018;FJ;265390;
006150148;2018;HI;-752;
006150148;2018;HK;2423;
006150148;2018;HM;460646;
007150303;2016;DI;104477;
007150303;2016;FJ;11644277;
007150303;2016;HI;-477665;
007150303;2016;HM;8018848;
055804512;2016;DI;391889;
055804512;2016;FJ;15045363;
055804512;2016;HI;-20651;
055804512;2016;HK;68115;
055804512;2016;HM;9998592;
072501935;2018;DI;57309;
072501935;2018;FJ;1982347;
072501935;2018;HI;15101;
072501935;2018;HK;19697;
072501935;2018;HM;1289618;
095580239;2017;DI;-19887;
095580239;2017;FJ;5586369;
095580239;2017;HI;-1734;
095580239;2017;HM;3816369;
096310073;2018;DI;62496;
096310073;2018;FJ;654435;
096310073;2018;HI;-658;
096310073;2018;HK;16865;
096310073;2018;HM;606152;
300352770;2018;DI;746623;
300940186;2018;DI;251249;
300940186;2018;FJ;209920;
300940186;2018;HI;222863;
300940186;2018;HK;89917;
300940186;2018;HM;671697;
302179981;2017;DI;-1041661;
302179981;2017;FJ;103756;
302179981;2017;HI;-934147;
302179981;2017;HM;2377775;
302519525;2018;DI;282638;
302519525;2018;HI;293995;
302519525;2018;HM;11775440;
303321269;2017;DI;144323;
304349897;2017;DI;-134624;
304349897;2017;FJ;4157311;
304349897;2017;HI;336948;
304349897;2017;HM;4909009;
306386541;2018;DI;37281;
306606625;2018;DI;179483;
307391813;2017;290;780;
307391813;2017;310;-85084;
307559633;2017;DI;67786;
307559633;2017;FJ;10269894;
307559633;2017;HI;27212;
307559633;2017;HK;4096;
307559633;2017;HM;5182772;
308301548;2018;DI;-1534722;
308301548;2018;FJ;19666541;
308301548;2018;HI;-313096;
308301548;2018;HK;-218027;
308301548;2018;HM;15061166;
308799782;2017;DI;-308164;
309214476;2018;DI;814700;
309383438;2017;DI;109661;
309383438;2017;FJ;10958598;
309383438;2017;HI;15253;
309383438;2017;HK;-5867;
309383438;2017;HM;11189415;
309541951;2017;DI;303413;
309541951;2017;FJ;6669964;
309541951;2017;HI;-19408;
309541951;2017;HK;113945;
309541951;2017;HM;4364762;
309916427;2018;DI;111471;
310026000;2017;DI;305947;
310709779;2017;DI;140238;
310709779;2017;FJ;8983870;
310709779;2017;HJ;18503;
310709779;2017;HK;-68555;
310709779;2017;HM;5720325;
310809983;2018;DI;84470;
310809983;2018;FJ;3713224;
310809983;2018;HI;18220;
310809983;2018;HK;-6390;
310809983;2018;HM;7693614;
311832240;2017;DI;334425;
311832240;2017;FJ;62408020;
311832240;2017;HI;21312;
311832240;2017;HK;187613;
311832240;2017;HM;41224341;
312695620;2017;DI;61683;
312695620;2017;FJ;935171;
312695620;2017;HI;-4449;
312695620;2017;HM;1402848;
312816028;2017;DI;-119455;
312816028;2017;FJ;283610;
312816028;2017;HI;-3153;
312816028;2017;HM;426351;
313167173;2018;DI;6382000;
313167173;2018;HI;-19869000;
313167173;2018;HJ;2683000;
313167173;2018;HK;889000;
313167173;2018;HM;889356000;
313307753;2017;DI;8637;
314222696;2017;DI;246807;
314222696;2017;HK;97304;
314222696;2017;HM;949476;
315230045;2018;DI;31278;
315230045;2018;HI;-90587;
315230045;2018;HM;320500;
318027042;2017;DI;111902;
318027042;2017;FJ;5634819;
318027042;2017;HI;-1095;
318027042;2017;HK;11680;
318027042;2017;HM;3921961;
318476207;2017;DI;122173;
319775201;2017;DI;391827;
319775201;2017;HI;-1200;
319775201;2017;HK;1713;
319775201;2017;HM;11675;
320476583;2017;DI;102566;
320476583;2017;FJ;172617;
320476583;2017;HK;37849;
320476583;2017;HM;70892;
320890817;2018;DI;97040;
321314544;2017;DI;11506;
322994831;2017;DI;204507;
322994831;2017;FJ;26458701;
322994831;2017;HI;41581;
322994831;2017;HK;136178;
322994831;2017;HM;13583292;
324746957;2014;DI;29230;
324746957;2014;HI;3;
324746957;2014;HK;5158;
324746957;2014;HM;792077;
324746957;2015;DI;101815;
324746957;2015;HM;556846;
324746957;2017;DI;8198;
324746957;2017;HK;1447;
324746957;2017;HM;13000;
325148179;2018;DI;-66248;
325833309;2018;DI;17282;
325833309;2018;FJ;158987;
325833309;2018;HK;1294;
325833309;2018;HM;206803;
326912516;2017;DI;291081;
328138961;2018;310;22988;
329451918;2017;DI;-1216;
330138371;2018;DI;22368;
330147588;2018;DI;196172;
330802539;2017;DI;83365;
331194035;2017;DI;37615;
331673863;2018;DI;-33431;
331673863;2018;FJ;864550;
331673863;2018;HI;-2894;
331673863;2018;HM;433063;
332160977;2017;DI;165066;
332962851;2018;DI;127252;
332962851;2018;HI;9538;
332962851;2018;HK;22239;
332962851;2018;HM;1527657;
333190395;2017;DI;-737883;
333190395;2017;FJ;3850193;
333190395;2017;HI;-295760;
333190395;2017;HM;6890665;
333267367;2018;DI;30432;
333267367;2018;FJ;895470;
333267367;2018;HI;-787;
333267367;2018;HK;894;
333267367;2018;HM;881756;
333954386;2015;DI;7609754;
333954386;2015;FJ;74595875;
333954386;2015;HI;-3293272;
333954386;2015;HJ;1327835;
333954386;2015;HK;3485002;
333954386;2015;HM;148389718;
333954386;2017;DI;12006547;
333954386;2017;FJ;141122790;
333954386;2017;HI;-4331482;
333954386;2017;HJ;2688731;
333954386;2017;HK;6457938;
333954386;2017;HM;158984897;
334532744;2018;DI;833475;
334532744;2018;FJ;1869464;
334532744;2018;HI;-80;
334532744;2018;HK;271371;
334532744;2018;HM;4795051;
334782166;2018;DI;33403;
334782166;2018;FJ;4144671;
334782166;2018;HI;-157490;
334782166;2018;HK;-149389;
334782166;2018;HM;7603426;
334900677;2018;DI;43101;
334900677;2018;HI;10122;
334900677;2018;HK;3804;
334900677;2018;HM;1494545;
335233508;2018;DI;-151244;
335233508;2018;FJ;100;
335233508;2018;HI;-14093;
335233508;2018;HM;879699;
337745582;2018;DI;50992;
337745582;2018;FJ;1282552;
337745582;2018;HM;2580516;
338043219;2017;290;972;
338043219;2017;310;5232;
338165285;2018;DI;42851;
338165285;2018;FJ;2527311;
338165285;2018;HI;-16317;
338165285;2018;HM;1615623;
338272396;2017;DI;-170633;
338321912;2017;310;-5369;
338353642;2018;DI;250190;
338655095;2018;DI;-761553;
338655095;2018;FJ;1379086;
338655095;2018;HI;57678;
338655095;2018;HM;2221329;
338658305;2018;DI;63070;
339303935;2017;DI;10388;
339702326;2016;DI;85123;
339702326;2016;FJ;8014531;
339702326;2016;HI;5699;
339702326;2016;HK;42561;
339702326;2016;HM;7971463;
339702326;2017;DI;8552;
339702326;2017;FJ;7476709;
339702326;2017;HI;2377;
339702326;2017;HK;1509;
339702326;2017;HM;7481611;
339721920;2017;310;3169;
339741951;2018;DI;87143;
339741951;2018;FJ;1740199;
339741951;2018;HI;-4018;
339741951;2018;HK;6555;
339741951;2018;HM;1695400;
340101815;2017;DI;-2565;
340101815;2017;HM;4696;
340123116;2018;DI;439296;
340654912;2018;DI;-90450;
340825876;2018;DI;114601;
340974856;2018;DI;213691;
340974856;2018;FJ;193138;
340974856;2018;HI;9159;
340974856;2018;HK;82929;
340974856;2018;HM;309939;
341394260;2018;DI;3164;
341394260;2018;HM;134556;
341803708;2017;DI;307454;
341898088;2018;306;2656;
341898088;2018;310;15884;
342014289;2018;DI;243982;
342696200;2018;DI;-11150960;
342696200;2018;FJ;2513;
342696200;2018;HI;-11091379;
342696200;2018;HK;-14690;
342696200;2018;HM;11571067;
342992559;2017;DI;13620;
342992559;2017;FJ;700979;
342992559;2017;HI;31380;
342992559;2017;HK;-24616;
342992559;2017;HM;1454531;
343163481;2015;DI;426386;
343163481;2015;FJ;14780598;
343163481;2015;HI;-6;
343163481;2015;HM;27295552;
343611034;2016;DI;1827;
343611034;2016;FJ;736909;
343611034;2016;HI;1441;
343611034;2016;HM;369415;
343935078;2017;DI;54842;
343935078;2017;FJ;889286;
343935078;2017;HK;3729;
343935078;2017;HM;1915691;
344079280;2017;DI;121986;
344389937;2017;DI;1174;
344681473;2018;DI;2671100;
344681473;2018;FJ;56576118;
344681473;2018;HI;-47114;
344681473;2018;HJ;492233;
344681473;2018;HK;782761;
344681473;2018;HM;106967613;
344832159;2018;DI;19793;
344832159;2018;FJ;1275016;
344832159;2018;HI;-223;
344832159;2018;HM;2491845;
348124892;2018;DI;269199;
348124892;2018;FJ;3517525;
348124892;2018;HI;5171;
348124892;2018;HK;109936;
348124892;2018;HM;2444304;
348296864;2018;DI;849042;
348296864;2018;FJ;13283959;
348296864;2018;HI;285480;
348296864;2018;HK;406484;
348296864;2018;HM;23896224;
348369281;2017;DI;17277;
348369281;2017;FJ;1299043;
348369281;2017;HI;-109;
348369281;2017;HK;3000;
348369281;2017;HM;1293901;
348812017;2017;DI;-238026;
348812017;2017;FJ;26386941;
348812017;2017;HI;-203633;
348812017;2017;HK;-47724;
348812017;2017;HM;17923743;
348867920;2017;DI;31794;
348867920;2017;FJ;259067;
348867920;2017;HI;5877;
348867920;2017;HK;11311;
348867920;2017;HM;637057;
349015172;2018;DI;95460;
349246132;2017;310;-696;
350064697;2018;DI;61941;
350102950;2017;306;4020;
350102950;2017;310;22782;
350419446;2018;DI;549138;
350419446;2018;FJ;2532330;
350419446;2018;HI;67699;
350419446;2018;HK;233824;
350419446;2018;HM;4864038;
350640173;2017;DI;46688;
350640173;2017;HI;11172;
350640173;2017;HK;-1866;
350640173;2017;HM;4642503;
350975397;2018;DI;-47368;
350975397;2018;HM;154035;
351025754;2018;DI;35079;
351025754;2018;FJ;1406070;
351025754;2018;HI;-257;
351025754;2018;HK;2068;
351025754;2018;HM;1441013;
351145230;2018;DI;-99989;
351145230;2018;FJ;8283586;
351145230;2018;HI;-35667;
351145230;2018;HM;5279226;
351155668;2018;DI;1319143;
351155668;2018;HI;5257;
351155668;2018;HK;318024;
351155668;2018;HM;9735145;
351184635;2018;DI;132879;
351184635;2018;FJ;1997654;
351184635;2018;HI;1349;
351184635;2018;HK;28144;
351184635;2018;HM;4037493;
351196621;2018;DI;11297;
351196621;2018;FJ;210396;
351196621;2018;HI;-352;
351196621;2018;HK;896;
351196621;2018;HM;444133;
351376637;2017;DI;45467;
351376637;2017;FJ;295253;
351376637;2017;HI;-45;
351376637;2017;HK;10223;
351376637;2017;HM;258162;
351561725;2018;DI;122916;
351684576;2018;DI;531913;
351684576;2018;FJ;27271801;
351684576;2018;HI;266571;
351684576;2018;HK;209650;
351684576;2018;HM;13701444;
351720644;2017;DI;141999;
351720644;2017;FJ;4078158;
351720644;2017;HI;18960;
351720644;2017;HK;20200;
351720644;2017;HM;7930411;
352693618;2018;DI;776264;
352693618;2018;FJ;799164;
352693618;2018;HI;98659;
352693618;2018;HK;388132;
352693618;2018;HM;967856;
352919393;2017;DI;100512;
352919393;2017;FJ;100600;
352919393;2017;HI;-102;
352919393;2017;HK;28162;
352919393;2017;HM;126458;
353195803;2018;DI;201408;
353366032;2017;DI;492278;
353366032;2017;HI;-27368;
353366032;2017;HK;239128;
353366032;2017;HM;18532080;
353407448;2018;DI;696;
353499908;2018;DI;103567;
353499908;2018;FJ;446199;
353499908;2018;HI;662;
353499908;2018;HK;-104544;
353499908;2018;HM;952289;
353538150;2017;DI;1106673;
353538150;2017;FJ;131601080;
353538150;2017;HI;-64621;
353538150;2017;HJ;44390;
353538150;2017;HK;277863;
353538150;2017;HM;65231056;
377633649;2018;DI;-81294;
377706148;2018;DI;580569;
377783642;2018;DI;67808;
377783642;2018;HI;-22807;
377783642;2018;HK;5400;
377783642;2018;HM;1506194;
377831250;2016;DI;34048;
377831250;2017;DI;84745;
378404586;2018;DI;62720;
378524524;2017;DI;221646;
378524524;2017;FJ;27138471;
378524524;2017;HI;-124488;
378524524;2017;HK;-28968;
378524524;2017;HM;18348282;
378554638;2017;DI;-33041;
378554638;2017;HI;-14410;
378554638;2017;HM;1382317;
378676647;2018;DI;83270;
379000540;2018;DI;106890;
379227192;2018;DI;75266;
379227192;2018;FJ;4374872;
379227192;2018;HI;-19011;
379227192;2018;HM;8926507;
379597693;2017;DI;27719;
379623903;2017;290;436;
379623903;2017;310;6934;
380225870;2018;DI;-24448;
380393371;2018;DI;-1553223;
380393371;2018;FJ;3986006;
380393371;2018;HI;-1688718;
380393371;2018;HK;-35958;
380393371;2018;HM;5599936;
380459495;2018;DI;4349;
380459495;2018;FJ;878944;
380459495;2018;HK;351;
380459495;2018;HM;875055;
380995555;2018;DI;720334;
380995555;2018;FJ;96589140;
380995555;2018;HI;-5725;
380995555;2018;HK;365534;
380995555;2018;HM;47593915;
381307305;2018;DI;-23959;
381307305;2018;FJ;843667;
381307305;2018;HI;34286;
381307305;2018;HK;-533;
381307305;2018;HM;1732785;
381384338;2018;DI;-24265;
381784776;2018;DI;44491;
381784776;2018;FJ;688669;
381784776;2018;HI;17031;
381784776;2018;HM;692936;
381840834;2018;DI;90148;
381928332;2018;DI;454878;
381928332;2018;FJ;10240777;
381928332;2018;HI;35787;
381928332;2018;HJ;388101;
381928332;2018;HK;150863;
381928332;2018;HM;6398377;
382385276;2018;DI;432965;
382526606;2017;DI;7175;
382526606;2017;FJ;1434708;
382526606;2017;HM;740173;
383226529;2018;DI;86048;
383226529;2018;HI;12308;
383226529;2018;HK;6364;
383226529;2018;HM;1265938;
383348521;2018;DI;71054;
383730181;2017;DI;269343;
383730181;2017;FJ;30974835;
383730181;2017;HI;-60660;
383730181;2017;HK;66618;
383730181;2017;HM;21392839;
384208948;2018;290;20652;
384208948;2018;306;-1718;
384208948;2018;310;3093;
384454690;2017;DI;4479622;
384454690;2017;FJ;94582907;
384454690;2017;HI;-683005;
384454690;2017;HK;1121834;
384454690;2017;HM;180293440;
384534665;2017;DI;30985;
384534665;2017;FJ;43035246;
384534665;2017;HI;-204819;
384534665;2017;HK;-265257;
384534665;2017;HM;28820669;
384949350;2018;DI;-97882;
385274782;2018;DI;95154;
385274782;2018;FJ;6558297;
385274782;2018;HI;4955;
385274782;2018;HK;10918;
385274782;2018;HM;13350532;
387537475;2017;310;-19906;
387543671;2017;DI;-139398;
387543671;2017;FJ;13415750;
387543671;2017;HI;-1380;
387543671;2017;HM;8937329;
387647381;2017;DI;-42571;
387647381;2017;FJ;25400;
387647381;2017;HM;115586;
387785975;2018;DI;79118;
387785975;2018;FJ;2033972;
387785975;2018;HI;6649;
387785975;2018;HK;14693;
387785975;2018;HM;1288709;
387888316;2017;DI;128338;
387888316;2017;FJ;19400156;
387888316;2017;HI;89465;
387888316;2017;HK;30264;
387888316;2017;HM;9992992;
388019648;2018;DI;41517;
388019648;2018;FJ;340365;
388019648;2018;HI;-116;
388019648;2018;HK;7614;
388019648;2018;HM;300023;
388148769;2018;DI;-48557;
388148769;2018;FJ;236511;
388148769;2018;HI;435;
388148769;2018;HK;-7699;
388148769;2018;HM;559893;
388151276;2016;DI;-89419;
388151276;2016;HI;-136779;
388151276;2016;HM;240821;
388841595;2018;DI;50527;
388987653;2016;DI;170372;
388987653;2016;FJ;1645211;
388987653;2016;HI;-1345;
388987653;2016;HM;3005705;
389044140;2018;DI;4214788;
389044140;2018;FJ;26275868;
389044140;2018;HI;-4545;
389044140;2018;HJ;114576;
389044140;2018;HK;2150253;
389044140;2018;HM;42891785;
389077124;2018;290;30376;
389077124;2018;310;-58502;
389324807;2018;310;8486;
389567439;2018;DI;163132;
389718115;2017;DI;-45156;
389718115;2017;HM;239576;
389820937;2018;DI;885459;
389820937;2018;FJ;41254105;
389820937;2018;HI;139258;
389820937;2018;HK;290070;
389820937;2018;HM;26773523;
389882044;2018;DI;226517;
390303980;2017;306;17324;
390303980;2017;310;47383;
390719029;2017;DI;533759;
390719029;2017;FJ;2478226;
390719029;2017;HI;23511;
390719029;2017;HK;109334;
390719029;2017;HM;4447319;
391141207;2018;DI;125084;
391216702;2017;DI;100551;
391219987;2018;DI;6214229;
391219987;2018;FJ;104113944;
391219987;2018;HI;1701;
391219987;2018;HJ;1030803;
391219987;2018;HK;2218505;
391219987;2018;HM;203232946;
391340858;2018;DI;71152;
391354594;2017;DI;-671487;
391354594;2017;FJ;7981021;
391354594;2017;HI;61728;
391354594;2017;HM;17049418;
391560216;2018;DI;-19314;
391560216;2018;FJ;147978;
391560216;2018;HI;266;
391560216;2018;HM;327737;
391570470;2018;DI;16971;
391898244;2015;290;719;
391898244;2015;310;-5312;
391999240;2017;DI;-2318;
391999240;2017;FJ;444990;
391999240;2017;HI;-52;
391999240;2017;HM;392803;
392046017;2018;DI;306461;
392046017;2018;FJ;1751625;
392046017;2018;HI;-43680;
392046017;2018;HK;50144;
392046017;2018;HM;3803054;
392434171;2014;DI;-3802;
392434171;2014;HM;69989;
392434171;2016;DI;-6352;
392434171;2016;HM;12473;
392434171;2017;DI;-25977;
392434171;2017;HI;5814;
392434171;2017;HM;62563;
392483210;2018;DI;47231;
392483210;2018;FJ;1084846;
392483210;2018;HI;1524;
392483210;2018;HK;8435;
392483210;2018;HM;551465;
392895934;2017;DI;-1433;
392895934;2017;HM;1433;
393104856;2018;DI;355819;
393520929;2018;DI;1713512;
393520929;2018;FJ;384138;
393520929;2018;HI;-2078;
393520929;2018;HK;44465;
393520929;2018;HM;405484;
393581608;2017;DI;29415;
393581608;2017;FJ;1362248;
393581608;2017;HI;10162;
393581608;2017;HK;-596;
393581608;2017;HM;2623097;
393731864;2018;DI;49542;
393731864;2018;FJ;126132;
393731864;2018;HK;8743;
393731864;2018;HM;220153;
393970520;2018;DI;-920;
393970520;2018;HI;19919;
393970520;2018;HM;224167;
394063259;2016;DI;412588;
394063259;2016;HI;-19705;
394063259;2016;HM;5725692;
394504229;2018;DI;75960;
394504229;2018;FJ;751322;
394504229;2018;HI;-24730;
394504229;2018;HK;17264;
394504229;2018;HM;1515497;
395102999;2018;DI;-37372;
395102999;2018;FJ;30198;
395102999;2018;HI;-644;
395102999;2018;HM;68144;
395156839;2018;DI;400641;
395252018;2017;DI;634511;
397447830;2018;DI;78514;
397620774;2018;310;45547;
397969627;2018;DI;323982;
398178467;2018;DI;34003;
398654780;2018;DI;85351;
398654780;2018;FJ;1739826;
398654780;2018;HI;-2298;
398654780;2018;HK;2435;
398654780;2018;HM;4656350;
398871947;2017;DI;10464;
398920033;2018;DI;24114;
398920033;2018;FJ;129653;
398920033;2018;HI;-5375;
398920033;2018;HK;3045;
398920033;2018;HM;119696;
399027333;2018;306;5558;
399027333;2018;310;40008;
399091701;2018;DI;20840;
399091701;2018;FJ;3561687;
399091701;2018;HI;-3598;
399091701;2018;HK;-3903;
399091701;2018;HM;2376022;
399445931;2018;DI;1529;
399445931;2018;HI;2542;
399445931;2018;HK;-272479;
399445931;2018;HM;1320922;
399447903;2017;DI;-178943;
399447903;2017;HI;-88505;
399447903;2017;HM;13977793;
399722180;2016;DI;737665;
399722180;2016;FJ;2929266;
399722180;2016;HI;4200;
399722180;2016;HK;6286;
399722180;2016;HM;2441577;
400054771;2017;DI;-153400;
400124988;2018;DI;211239;
400124988;2018;FJ;2842030;
400124988;2018;HI;-116;
400124988;2018;HK;74004;
400124988;2018;HM;1684164;
400248233;2018;DI;171551;
400248233;2018;FJ;2200064;
400248233;2018;HI;8687;
400248233;2018;HJ;76696;
400248233;2018;HK;58913;
400248233;2018;HM;4112325;
400668802;2017;DI;-155760;
400877296;2018;DI;31483;
400877296;2018;HM;14175;
401381041;2018;DI;32156;
401381041;2018;FJ;1307359;
401381041;2018;HI;19193;
401381041;2018;HK;1471;
401381041;2018;HM;1428474;
401524400;2017;DI;-1268673;
401524400;2017;FJ;8745313;
401524400;2017;HI;-179537;
401524400;2017;HK;-1067;
401524400;2017;HM;5444194;
401684683;2017;310;-5973;
401748983;2018;DI;-44765;
401748983;2018;FJ;590979;
401748983;2018;HI;9871;
401748983;2018;HM;648294;
401836135;2018;DI;38311;
401836135;2018;FJ;365925;
401836135;2018;HI;-2516;
401836135;2018;HK;2675;
401836135;2018;HM;699328;
402280952;2018;DI;-23394;
402280952;2018;HI;-11150;
402280952;2018;HM;24651;
402522692;2018;DI;16020;
402872592;2018;DI;54568;
402891774;2018;DI;18046;
402891774;2018;HI;4590;
402891774;2018;HM;1730187;
403025893;2017;DI;-366560;
403025893;2017;HI;350000;
403025893;2017;HM;716696;
403042500;2017;306;4603;
403042500;2017;310;31533;
403488547;2018;DI;36825;
403587843;2018;DI;152061;
403604614;2016;DI;16386;
403604614;2016;HM;66394;
403732985;2017;DI;53030;
403732985;2017;FJ;963355;
403732985;2017;HI;-17;
403732985;2017;HK;198;
403732985;2017;HM;913285;
403836554;2014;306;-528;
403836554;2014;310;11077;
403836554;2015;306;-1266;
403836554;2015;310;7863;
403836554;2016;310;-4334;
403836554;2017;310;-6409;
405154956;2018;DI;78091;
405379819;2018;DI;19490;
407630490;2017;DI;-1299;
407630490;2017;HM;1299;
407771047;2018;DI;3856;
407771047;2018;FJ;845214;
407771047;2018;HI;54500;
407771047;2018;HK;530;
407771047;2018;HM;497781;
408032118;2017;290;10200;
408032118;2017;310;16687;
408335552;2018;DI;83133;
408335552;2018;FJ;38288062;
408335552;2018;HI;20559;
408335552;2018;HK;23767;
408335552;2018;HM;26085416;
408711968;2018;DI;483335;
408711968;2018;FJ;4222513;
408711968;2018;HI;-63915;
408711968;2018;HK;131333;
408711968;2018;HM;7824783;
409430345;2017;DI;892;
409867462;2018;DI;-5363;
409867462;2018;FJ;8550;
409867462;2018;HM;13913;
410201305;2018;DI;75280;
410201305;2018;HI;-175349;
410201305;2018;HM;407045;
410429559;2017;DI;-118000;
410620611;2018;290;185;
410620611;2018;310;-2048;
410660492;2017;DI;190028;
410793434;2018;DI;92267;
410793434;2018;FJ;6469039;
410793434;2018;HI;-14694;
410793434;2018;HK;21148;
410793434;2018;HM;4081935;
411120686;2018;DI;40238;
411120686;2018;FJ;896309;
411120686;2018;HI;-825;
411120686;2018;HK;-207;
411120686;2018;HM;1715914;
411552078;2017;DI;668254;
411552078;2017;FJ;82824419;
411552078;2017;HI;-19526;
411552078;2017;HJ;89209;
411552078;2017;HK;40587;
411552078;2017;HM;41086600;
412387961;2018;290;21189;
412387961;2018;306;7199;
412387961;2018;310;46063;
412528879;2018;DI;7538;
412528879;2018;HM;22592650;
413159096;2017;DI;-8593;
413159096;2017;FJ;584668;
413159096;2017;HI;400;
413159096;2017;HM;596120;
413159096;2018;DI;24820;
413159096;2018;FJ;600452;
413159096;2018;HI;2438;
413159096;2018;HM;579093;
413492554;2018;290;1179;
413492554;2018;310;134;
414053223;2017;DI;3795;
414053223;2017;FJ;193311;
414053223;2017;HI;-101;
414053223;2017;HM;418131;
414070284;2018;DI;256046;
414070284;2018;FJ;1880260;
414070284;2018;HI;-14044;
414070284;2018;HK;91461;
414070284;2018;HM;3139877;
414196501;2018;290;159;
414196501;2018;310;2980;
414416867;2018;DI;296819;
414416867;2018;FJ;2236333;
414416867;2018;HI;-9780;
414416867;2018;HK;130634;
414416867;2018;HM;4283291;
414494534;2018;DI;-11457;
414494534;2018;FJ;80908;
414494534;2018;HM;95520;
414608836;2017;DI;419973;
414608836;2017;FJ;711492;
414608836;2017;HI;-2596;
414608836;2017;HK;12937;
414608836;2017;HM;1512690;
414799635;2018;DI;-12926;
414799635;2018;FJ;182664;
414799635;2018;HM;398393;
414913087;2018;DI;112108;
414963934;2017;DI;6139;
414997221;2017;310;-3336;
415196450;2017;DI;777;
415196450;2017;FJ;287084;
415196450;2017;HI;-4674;
415196450;2017;HM;515085;
417931037;2018;DI;86648;
417931037;2018;HI;-229465;
417931037;2018;HK;34818;
417931037;2018;HM;492149;
418109922;2018;DI;2209;
418155164;2017;DI;66641;
418155164;2017;FJ;2858871;
418155164;2017;HI;-3309;
418155164;2017;HK;7096;
418155164;2017;HM;1814605;
418185641;2016;DI;-606555;
418185641;2016;FJ;427238;
418185641;2016;HI;-11;
418185641;2016;HM;1039492;
418404174;2017;DI;667053;
418431987;2018;DI;221587;
418433017;2018;DI;138506;
418512349;2017;310;-1296;
418527982;2018;DI;-16380;
418678843;2018;DI;35492;
418678843;2018;FJ;1406084;
418678843;2018;HI;-15155;
418678843;2018;HM;2992703;
418736914;2018;DI;44877;
418763645;2018;DI;130711;
418763645;2018;FJ;1895692;
418763645;2018;HK;37978;
418763645;2018;HM;3571318;
418766036;2017;306;6805;
418766036;2017;310;36845;
418839775;2018;DI;134026;
419493887;2018;DI;97325;
419493887;2018;HI;49;
419493887;2018;HK;40980;
419493887;2018;HM;4171234;
419506530;2018;DI;76460;
419713920;2017;DI;52712;
419713920;2017;FJ;2266652;
419713920;2017;HI;-88547;
419713920;2017;HK;-60651;
419713920;2017;HM;4629256;
419843990;2018;DI;-121467;
419843990;2018;FJ;1563889;
419843990;2018;HI;94403;
419843990;2018;HM;3524440;
419981352;2018;DI;66354;
420095119;2017;DI;-3409;
421093634;2017;DI;70882;
421258625;2018;DI;-44451;
421380155;2016;DI;318247;
421380155;2016;FJ;1588830;
421380155;2016;HI;-401;
421380155;2016;HK;133839;
421380155;2016;HM;2914215;
422264507;2018;DI;50043;
422282152;2018;DI;5167;
422282152;2018;FJ;304111;
422282152;2018;HI;-520;
422282152;2018;HM;612448;
422302398;2018;DI;3012943;
422302398;2018;FJ;1068000;
422302398;2018;HI;31423;
422302398;2018;HK;-3675;
422302398;2018;HM;1803932;
422488130;2017;290;8;
422488130;2017;310;13303;
422567081;2018;DI;1895;
422567081;2018;FJ;107462;
422567081;2018;HI;69;
422567081;2018;HK;334;
422567081;2018;HM;52107;
422756494;2018;290;19;
422756494;2018;310;1839;
423138262;2018;DI;201627;
423459031;2017;DI;-8275;
423459031;2017;HM;8275;
423492792;2017;DI;5509518;
423492792;2017;FJ;24017100;
423492792;2017;HI;-18496;
423492792;2017;HJ;1137734;
423492792;2017;HK;2390914;
423492792;2017;HM;44370364;
423565423;2017;DI;11279;
423565423;2017;FJ;40414;
423565423;2017;HK;1799;
423565423;2017;HM;69290;
423613066;2018;DI;-56035;
424000081;2018;290;60751;
424000081;2018;310;-19816;
425780558;2018;DI;159722;
425780558;2018;HI;43120;
425780558;2018;HK;9838;
425780558;2018;HM;15246446;
428126973;2017;DI;-114053;
428126973;2017;FJ;604564;
428126973;2017;HI;7285;
428126973;2017;HM;1301668;
428205231;2018;DI;948224;
428205231;2018;FJ;244496;
428205231;2018;HI;6209;
428205231;2018;HK;-615975;
428205231;2018;HM;-230753;
428265086;2015;DI;-4544;
428265086;2015;HM;4544;
428664296;2017;DI;21793;
428664296;2017;FJ;1653319;
428664296;2017;HI;-1342;
428664296;2017;HM;2995867;
428711592;2017;290;166;
428711592;2017;306;8438;
428711592;2017;310;48450;
428768543;2015;DI;2822;
428768543;2015;FJ;1231643;
428768543;2015;HI;3412;
428768543;2015;HK;-9130;
428768543;2015;HM;1268162;
428783351;2017;DI;159635;
429536253;2017;DI;129305;
429541477;2017;310;-5341;
429750292;2017;DI;114619;
429750292;2017;FJ;415127;
429750292;2017;HK;23033;
429750292;2017;HM;875884;
429750292;2018;DI;214109;
429750292;2018;FJ;408094;
429750292;2018;HK;22225;
429750292;2018;HM;785793;
429789050;2017;DI;4594;
429789050;2017;FJ;476180;
429789050;2017;HI;4660;
429789050;2017;HM;1042956;
429844004;2017;310;-3628;
430107821;2018;DI;749;
430140004;2017;306;58;
430140004;2017;310;807;
430347344;2017;DI;15116;
430347344;2017;FJ;741011;
430347344;2017;HI;-21;
430347344;2017;HK;2616;
430347344;2017;HM;501195;
430439182;2017;DI;709658;
430439182;2017;FJ;9588854;
430439182;2017;HI;-38531;
430439182;2017;HJ;130654;
430439182;2017;HK;146609;
430439182;2017;HM;18540125;
431300219;2017;DI;19401;
431300219;2017;FJ;60000;
431300219;2017;HK;8698;
431300219;2017;HM;110600;
431411461;2018;DI;-22180;
431499631;2018;DI;105781;
431499631;2018;HK;1902;
431499631;2018;HM;9223;
431712892;2017;DI;58657;
431712892;2017;FJ;1116265;
431712892;2017;HI;-211320;
431712892;2017;HM;2598757;
431741321;2017;DI;661786;
431741321;2017;FJ;25198729;
431741321;2017;HI;4323;
431741321;2017;HK;281665;
431741321;2017;HM;50014383;
431898626;2018;DI;60986;
431912138;2018;DI;165447;
432071868;2016;DI;26347;
432071868;2016;FJ;130006;
432071868;2016;HM;126197;
432071868;2017;DI;325;
432071868;2017;FJ;160843;
432071868;2017;HM;183038;
432075463;2018;DI;-18631;
432075463;2018;FJ;365845;
432075463;2018;HI;-180;
432075463;2018;HM;384482;
432091700;2018;DI;59401;
432188969;2018;DI;135246;
432188969;2018;FJ;1199259;
432188969;2018;HI;4755;
432188969;2018;HK;37903;
432188969;2018;HM;2239591;
432325090;2018;DI;120754;
432567790;2017;310;11307;
432698744;2017;DI;-225828;
432698744;2017;FJ;3795373;
432698744;2017;HI;-28500;
432698744;2017;HM;7553585;
433005246;2017;DI;-339797;
433005246;2017;HI;108054;
433005246;2017;HM;23685487;
433409406;2017;DI;28576;
433409406;2017;FJ;187518;
433409406;2017;HM;158942;
433497591;2017;290;8000;
433497591;2017;310;1;
433719333;2017;DI;43746;
433780509;2017;310;3050;
433864527;2018;DI;486717;
433864527;2018;FJ;16341106;
433864527;2018;HI;-62759;
433864527;2018;HK;181706;
433864527;2018;HM;12527076;
433927308;2017;DI;10261;
433927308;2017;FJ;35363;
433927308;2017;HI;-4513;
433927308;2017;HK;1650;
433927308;2017;HM;122491;
433985082;2018;DI;43724;
433996030;2017;DI;661742;
434263943;2017;310;9280;
434305827;2018;DI;847713;
434305827;2018;HI;501548;
434305827;2018;HJ;208965;
434305827;2018;HK;-15668;
434305827;2018;HM;66881579;
434588521;2017;DI;-1210;
434588521;2017;FJ;1048476;
434588521;2017;HI;-27641;
434588521;2017;HM;2113004;
434709010;2017;DI;-42;
434709010;2017;FJ;31652;
434709010;2017;HM;57055;
434995783;2018;DI;11358;
434995783;2018;FJ;149053;
434995783;2018;HI;-26;
434995783;2018;HK;1981;
434995783;2018;HM;283022;
435041090;2018;DI;148160;
435120449;2018;DI;76305;
435185541;2017;310;312;
435363932;2018;DI;81703;
435363932;2018;FJ;2456024;
435363932;2018;HI;2628;
435363932;2018;HK;-9517;
435363932;2018;HM;4941033;
435400551;2018;DI;148914;
435400551;2018;FJ;834901;
435400551;2018;HI;1653;
435400551;2018;HK;47076;
435400551;2018;HM;1662537;
437809932;2018;DI;138510;
437810559;2018;DI;390194;
437885684;2017;DI;22618;
437885684;2017;FJ;1284181;
437885684;2017;HI;-25543;
437885684;2017;HK;956;
437885684;2017;HM;1898920;
437911175;2018;DI;341989;
437911175;2018;FJ;4712;
437911175;2018;HK;-49425;
437911175;2018;HM;44583;
437940588;2018;DI;2390;
437964794;2017;310;-5586;
437972532;2018;DI;122256;
438052615;2017;310;48577;
438052615;2018;310;-2283;
438166563;2018;DI;125992;
438420481;2018;DI;567262;
438420481;2018;FJ;9285753;
438420481;2018;HI;4908;
438420481;2018;HK;267803;
438420481;2018;HM;17673750;
438475642;2018;306;-1328;
438475642;2018;310;20198;
438597619;2017;DI;8965;
438597619;2017;FJ;251820;
438597619;2017;HK;-2470;
438597619;2017;HM;496641;
438621567;2018;DI;108402;
438689812;2016;310;3424;
438702664;2017;DI;225390;
439169442;2018;DI;-28635;
439170390;2018;DI;1340523;
439235375;2018;DI;53596;
439235375;2018;FJ;326270;
439235375;2018;HI;163209;
439235375;2018;HK;27359;
439235375;2018;HM;1071101;
439602566;2017;DI;21438;
439602566;2017;FJ;270255;
439602566;2017;HI;5003;
439602566;2017;HK;2781;
439602566;2017;HM;544986;
439655440;2016;290;624;
439655440;2016;306;784;
439655440;2016;310;9364;
440167732;2018;DI;9795;
440167732;2018;FJ;393804;
440167732;2018;HM;189068;
440181667;2017;DI;441274;
440181667;2017;FJ;9232263;
440181667;2017;HI;111641;
440181667;2017;HJ;296638;
440181667;2017;HK;145705;
440181667;2017;HM;17477138;
440828507;2018;DI;14413;
441016375;2017;DI;-3403;
441016375;2017;FJ;164604;
441016375;2017;HI;241;
441016375;2017;HM;174666;
441166626;2018;306;-460;
441166626;2018;310;-897;
441241783;2017;DI;80419;
441241783;2017;FJ;74832;
441241783;2017;HI;-4;
441241783;2017;HK;19242;
441241783;2017;HM;77254;
441313699;2017;DI;52945;
441313699;2017;FJ;757229;
441313699;2017;HI;469;
441313699;2017;HK;-58;
441313699;2017;HM;1455055;
441642733;2018;DI;2972187;
441642733;2018;FJ;87775;
441642733;2018;HI;2844007;
441642733;2018;HK;60037;
441642733;2018;HM;755246;
441805249;2017;DI;133530;
441805249;2017;FJ;216222;
441805249;2017;HI;153860;
441805249;2017;HM;448325;
441809993;2018;DI;120525;
441959301;2017;DI;-34452;
441959301;2017;FJ;813001;
441959301;2017;HI;-649;
441959301;2017;HM;1519538;
441980729;2016;DI;14488;
441980729;2016;HI;-3015;
441980729;2016;HM;1267528;
441980729;2017;DI;718;
441980729;2017;HI;-1618;
441980729;2017;HK;-533;
441980729;2017;HM;1244835;
442020780;2018;310;-1445;
442088399;2018;DI;39714;
442088399;2018;FJ;1539303;
442088399;2018;HI;6738;
442088399;2018;HM;2893158;
442157715;2017;DI;-16230;
442157715;2017;FJ;1338503;
442157715;2017;HI;-586;
442157715;2017;HM;1379002;
442242210;2017;DI;-21531;
442242210;2017;FJ;75621;
442242210;2017;HI;-604;
442242210;2017;HM;183321;
442357901;2018;DI;6596;
442357901;2018;HM;6133;
442669313;2018;DI;54942;
442907093;2016;DI;77748;
442907093;2016;HK;38869;
442907093;2016;HM;442114;
442909644;2017;DI;28375;
442909644;2017;FJ;597663;
442909644;2017;HI;1305;
442909644;2017;HK;5015;
442909644;2017;HM;398009;
442937108;2018;DI;63298;
442937108;2018;FJ;297916;
442937108;2018;HI;3783;
442937108;2018;HM;240686;
443068861;2018;DI;68999;
443068861;2018;FJ;344431;
443068861;2018;HK;3307;
443068861;2018;HM;333490;
443556204;2018;DI;385963;
443568340;2018;DI;128815;
443568340;2018;HI;140;
443568340;2018;HK;38144;
443568340;2018;HM;665631;
444118129;2018;DI;37524;
444118129;2018;FJ;144000;
444118129;2018;HI;19890;
444118129;2018;HK;7710;
444118129;2018;HM;126366;
444168280;2016;DI;4433;
444364640;2018;DI;62227;
444372627;2018;DI;306133;
444372627;2018;HI;82545;
444372627;2018;HK;86402;
444372627;2018;HM;114115;
444557516;2018;DI;353226;
444557516;2018;FJ;85505;
444557516;2018;HI;-221422;
444557516;2018;HK;9477;
444557516;2018;HM;610803;
444597033;2017;DI;-9970;
444597033;2017;FJ;147825;
444597033;2017;HI;-32130;
444597033;2017;HM;310364;
444691117;2016;DI;77122;
444691117;2016;FJ;4131437;
444691117;2016;HI;-4973;
444691117;2016;HK;22456;
444691117;2016;HM;2720449;
444775001;2018;DI;45283;
444810782;2017;DI;513227;
444819486;2014;DI;17799;
444819486;2014;FJ;316129;
444819486;2014;HI;-12857;
444819486;2014;HK;3058;
444819486;2014;HM;815127;
444939219;2018;DI;46136;
444939219;2018;FJ;1964428;
444939219;2018;HI;8807;
444939219;2018;HK;472;
444939219;2018;HM;3884004;
445085715;2016;DI;107976;
445179518;2018;DI;82676;
445179518;2018;FJ;825018;
445179518;2018;HI;1929;
445179518;2018;HK;37690;
445179518;2018;HM;753428;
445355787;2018;DI;24373;
447545773;2017;DI;73293;
447545773;2017;HI;6814;
447545773;2017;HK;14550;
447545773;2017;HM;401836;
447714106;2017;DI;34583;
447714106;2017;FJ;599344;
447714106;2017;HI;2268;
447714106;2017;HK;4487;
447714106;2017;HM;966491;
447842261;2018;290;17000;
447842261;2018;310;-63093;
448987248;2017;DI;260548;
449039668;2018;DI;140924;
449149947;2017;306;843;
449149947;2017;310;10495;
449226356;2017;DI;101476;
449315423;2015;DI;-556925;
449315423;2015;FJ;218160;
449315423;2015;HI;-1681;
449315423;2015;HM;1029327;
449315423;2016;DI;-812037;
449315423;2016;FJ;218160;
449315423;2016;HI;-6220;
449315423;2016;HM;1275506;
449357847;2017;DI;-2981172;
449357847;2017;FJ;24003871;
449357847;2017;HI;-195284;
449357847;2017;HM;21953762;
449768316;2017;310;-7897;
449788918;2018;DI;54361;
450108501;2017;DI;-552362;
450108501;2017;FJ;252;
450108501;2017;HI;13506;
450108501;2017;HM;2375823;
450136544;2018;DI;151007;
450349972;2017;DI;396711;
450349972;2017;HI;2024;
450349972;2017;HK;-6283;
450349972;2017;HM;5349;
450390315;2018;DI;203738;
450530639;2015;DI;51271;
450530639;2015;HM;1487217;
450530639;2016;DI;120309;
450530639;2016;HI;-310682;
450530639;2016;HM;3372580;
450548128;2017;290;4723;
450548128;2017;306;6248;
450548128;2017;310;44919;
450832027;2017;DI;63479;
450832027;2017;FJ;1875330;
450832027;2017;HK;8139;
450832027;2017;HM;876816;
451224943;2018;DI;654737;
451341184;2017;DI;24698;
451390660;2017;290;1652;
451390660;2017;310;-56960;
451808661;2017;DI;131146;
451905087;2018;DI;1800095;
452120280;2017;DI;-8050;
452120280;2017;HI;-652;
452120280;2017;HM;14466;
452160146;2018;DI;58069;
452160146;2018;FJ;258322;
452160146;2018;HK;10204;
452160146;2018;HM;479601;
452309644;2018;DI;113278;
452397235;2018;DI;21894;
452526742;2017;DI;30153;
452826548;2018;DI;89267;
452908759;2017;DI;-7156923;
452908759;2017;HK;1534255;
452908759;2017;HM;21175686;
453094872;2017;DI;-414655;
453251530;2018;DI;6341;
453251530;2018;HI;-26715;
453251530;2018;HK;-29546;
453251530;2018;HM;288144;
453318362;2017;DI;-399410;
453318362;2017;FJ;1440;
453318362;2017;HI;-40061;
453318362;2017;HM;1296614;
453401549;2017;DI;-1751;
453401549;2017;FJ;343;
453401549;2017;HM;2094;
453474546;2017;310;-723;
453573701;2017;DI;177177;
453658213;2018;290;2323;
453658213;2018;310;663;
453768475;2017;290;21344;
453768475;2017;306;3815;
453768475;2017;310;52070;
454092636;2017;310;1596;
477794655;2018;DI;47928;
477794655;2018;FJ;310590;
477794655;2018;HI;6770;
477794655;2018;HK;9344;
477794655;2018;HM;494746;
478084833;2018;DI;179152;
478229313;2017;DI;360016;
478229313;2017;FJ;15185097;
478229313;2017;HI;13214;
478229313;2017;HK;13711;
478229313;2017;HM;10185771;
478285034;2018;DI;91365;
478285034;2018;HM;7092;
478522402;2017;DI;-2350;
478522402;2017;FJ;438672;
478522402;2017;HM;897428;
478693518;2017;DI;86317;
478693518;2017;FJ;2150633;
478693518;2017;HI;-51526;
478693518;2017;HK;12589;
478693518;2017;HM;4135673;
478734395;2018;DI;254788;
478734395;2018;FJ;2262511;
478734395;2018;HI;-52470;
478734395;2018;HJ;15153;
478734395;2018;HK;158613;
478734395;2018;HM;4378518;
478888019;2017;DI;19998;
478888019;2017;HI;-152;
478888019;2017;HK;3239;
478888019;2017;HM;273183;
478903057;2017;310;-10243;
479100182;2017;DI;101027;
479100182;2017;FJ;2913556;
479100182;2017;HI;95322;
479100182;2017;HM;5161638;
479486102;2016;290;370017;
479486102;2016;306;29514;
479486102;2016;310;88737;
479558967;2018;DI;-9578;
479558967;2018;FJ;150141;
479558967;2018;HI;-671;
479558967;2018;HM;332090;
479693129;2017;DI;489046;
479693129;2017;FJ;28378194;
479693129;2017;HI;-54312;
479693129;2017;HK;252676;
479693129;2017;HM;18469371;
479739179;2016;DI;-42904;
479739179;2016;FJ;228485;
479739179;2016;HI;-61385;
479739179;2016;HK;-31969;
479739179;2016;HM;323025;
479807315;2018;310;-549;
479924789;2018;DI;94793;
480208099;2018;DI;42748;
480441047;2017;DI;212290;
480620236;2017;310;-697;
480852425;2018;DI;51153;
480852425;2018;FJ;397365;
480852425;2018;HI;470;
480852425;2018;HK;5029;
480852425;2018;HM;754765;
480868124;2017;DI;-107;
480868124;2017;FJ;85000;
480868124;2017;HM;85107;
480963784;2017;DI;-18230;
481213635;2018;DI;44099;
481441368;2018;DI;34603;
481441368;2018;FJ;210316;
481441368;2018;HM;378822;
482154671;2018;DI;-478835;
482154671;2018;FJ;21852701;
482154671;2018;HI;3781;
482154671;2018;HK;-161974;
482154671;2018;HM;44769112;
482221751;2017;DI;-32429;
482221751;2017;FJ;282483;
482221751;2017;HI;3805;
482221751;2017;HM;329231;
482355203;2018;290;25660;
482355203;2018;310;19150;
482452489;2018;DI;79155;
482628633;2017;310;11698;
482651064;2017;DI;8418;
482651064;2017;FJ;346015;
482651064;2017;HI;38962;
482651064;2017;HM;732480;
482662285;2017;290;575;
482662285;2017;306;-1067;
482662285;2017;310;1753;
482674744;2017;DI;4494;
482674744;2017;HM;229482;
482791035;2018;DI;594992;
482791035;2018;HM;185625;
482829827;2018;DI;34471;
482829827;2018;FJ;592793;
482829827;2018;HI;2146;
482829827;2018;HM;563675;
482857851;2018;DI;438027;
482922473;2017;DI;3284;
482922473;2017;FJ;285519;
482922473;2017;HM;289237;
483024584;2018;DI;7041;
483024584;2018;FJ;2016010;
483024584;2018;HI;-22461;
483024584;2018;HK;-1631;
483024584;2018;HM;2015011;
483066544;2018;DI;53860;
483214334;2017;306;422;
483214334;2017;310;2389;
483226650;2018;DI;-15397;
483226650;2018;FJ;9450655;
483226650;2018;HI;183852;
483226650;2018;HM;6823724;
483435756;2017;306;4889;
483435756;2017;310;29162;
483820510;2018;DI;-4408;
483820510;2018;HM;102975;
483935094;2018;DI;17535;
483935094;2018;FJ;68400;
483935094;2018;HK;3102;
483935094;2018;HM;133152;
483956181;2018;310;12343;
484512751;2018;DI;-185304;
484572599;2017;DI;51075;
484572599;2017;FJ;1564523;
484572599;2017;HI;-383943;
484572599;2017;HK;36387;
484572599;2017;HM;1693070;
484663356;2018;DI;-2502;
484690318;2018;DI;108624;
484690318;2018;FJ;5817909;
484690318;2018;HI;-3374;
484690318;2018;HK;5115;
484690318;2018;HM;3837956;
484785019;2018;290;7508;
484785019;2018;306;12127;
484785019;2018;310;46772;
484846563;2017;DI;-23817;
484846563;2017;HI;-1409;
484846563;2017;HM;283349;
484873765;2017;290;91;
484873765;2017;306;5322;
484873765;2017;310;30163;
484873864;2018;DI;88450;
484873864;2018;FJ;431754;
484873864;2018;HI;-962;
484873864;2018;HK;-542;
484873864;2018;HM;761853;
484883269;2018;306;-2133;
484883269;2018;310;24;
484912530;2017;306;522;
484912530;2017;310;2955;
485160253;2018;DI;132780;
485252902;2017;306;410;
485252902;2017;310;14514;
485341176;2017;DI;4991;
487623241;2018;306;1215;
487623241;2018;310;6887;
487664500;2018;DI;18647;
487664500;2018;FJ;2365685;
487664500;2018;HI;-7515;
487664500;2018;HM;2505653;
487674756;2018;DI;22555;
487674756;2018;FJ;126767;
487674756;2018;HI;-325;
487674756;2018;HM;137546;
487753667;2017;310;-270;
487768087;2017;290;7500;
487768087;2017;306;7112;
487768087;2017;310;39032;
487894073;2017;306;2942;
487894073;2017;310;26056;
488139312;2018;DI;-28417;
488158130;2018;DI;180875;
488245556;2017;DI;30318;
488245556;2017;FJ;1417097;
488245556;2017;HI;-622;
488245556;2017;HK;3213;
488245556;2017;HM;926470;
488262551;2017;DI;47860;
488376310;2017;DI;38078;
488376310;2017;HK;45189;
488376310;2017;HM;16887847;
488553926;2017;DI;39925;
488553926;2017;FJ;1214448;
488553926;2017;HI;-1;
488553926;2017;HK;11099;
488553926;2017;HM;1188901;
488657891;2016;290;6108;
488657891;2016;310;2054;
488657891;2017;290;21;
488657891;2017;306;140;
488657891;2017;310;-68553;
488917741;2018;DI;431;
488917741;2018;HM;324949;
489118414;2017;310;-7848;
489155606;2017;DI;210158;
489171074;2018;DI;26107;
489171074;2018;FJ;1018566;
489171074;2018;HI;2877;
489171074;2018;HM;662456;
489249441;2018;290;30;
489249441;2018;310;-11099;
489293258;2017;306;1014;
489293258;2017;310;7922;
489333963;2018;DI;692734;
489341024;2018;DI;156580;
489341024;2018;FJ;277889;
489341024;2018;HK;16872;
489341024;2018;HM;533564;
489391821;2017;306;57;
489391821;2017;310;322;
489694190;2017;290;458;
489694190;2017;310;1508;
490149416;2017;310;6765;
490289378;2017;310;4445;
490615341;2018;DI;439566;
490616372;2018;DI;242952;
490875507;2018;290;4300;
490875507;2018;310;-108;
490876984;2017;DI;388245;
490876984;2017;HI;25029;
490876984;2017;HK;141209;
490876984;2017;HM;6371409;
491011631;2018;DI;-239321;
491011631;2018;FJ;3043734;
491011631;2018;HI;19493;
491011631;2018;HK;-24931;
491011631;2018;HM;5949518;
491020020;2018;306;8795;
491020020;2018;310;50331;
491257473;2018;DI;-22295;
491257473;2018;FJ;812921;
491257473;2018;HK;-18002;
491257473;2018;HM;1601294;
491551362;2017;306;2632;
491551362;2017;310;17338;
491818472;2018;DI;2543;
491818472;2018;FJ;47896;
491818472;2018;HI;-35;
491818472;2018;HK;442;
491818472;2018;HM;45808;
492139191;2017;DI;41360;
492139191;2017;FJ;1248862;
492139191;2017;HI;-5929;
492139191;2017;HK;7754;
492139191;2017;HM;2051663;
492187323;2018;DI;127912;
492264171;2018;306;-3200;
492264171;2018;310;3748;
492283833;2017;DI;61758;
492283833;2017;FJ;703389;
492283833;2017;HI;-90;
492283833;2017;HK;554;
492283833;2017;HM;621691;
492331285;2017;DI;-180848;
492331285;2017;HI;-22;
492331285;2017;HM;189216;
492366422;2018;DI;256522;
492381157;2018;DI;7593756;
492381157;2018;FJ;171135598;
492381157;2018;HI;-1519358;
492381157;2018;HJ;501587;
492381157;2018;HK;3340004;
492381157;2018;HM;93760235;
492394341;2018;DI;149009;
492394341;2018;HK;4501;
492394341;2018;HM;9172;
492432513;2017;290;364;
492432513;2017;310;676;
492489117;2015;DI;213305;
492489117;2015;FJ;2053011;
492489117;2015;HI;-7684;
492489117;2015;HK;80272;
492489117;2015;HM;3783565;
492646740;2018;DI;452142;
492646740;2018;FJ;350000;
492646740;2018;HK;205;
492646740;2018;HM;649873;
492655964;2017;DI;172957;
492682299;2018;DI;-26011;
492682299;2018;HM;26011;
492741517;2017;DI;-259371;
492984166;2018;DI;18254;
492984166;2018;FJ;142785;
492984166;2018;HK;3221;
492984166;2018;HM;265253;
493440739;2017;310;-102;
493540215;2018;290;9167;
493540215;2018;310;-9239;
493573240;2017;310;9930;
494213382;2018;290;7291;
494213382;2018;306;17452;
494213382;2018;310;265079;
494462013;2018;DI;127334;
494462013;2018;FJ;483021;
494462013;2018;HI;22803;
494462013;2018;HK;28413;
494462013;2018;HM;1107677;
494581234;2018;DI;117081;
494682792;2017;310;-1457;
494750060;2017;DI;-76162;
494750060;2017;HI;-3327;
494750060;2017;HM;187616;
494761216;2017;310;13811;
494830235;2018;DI;24945;
494830235;2018;HK;-375;
494830235;2018;HM;2403;
494852098;2018;DI;35839;
494852098;2018;FJ;162247;
494852098;2018;HI;8651;
494852098;2018;HK;6340;
494852098;2018;HM;288276;
494885320;2018;DI;34630;
494903974;2017;DI;8099;
494903974;2017;FJ;146327;
494903974;2017;HI;-417;
494903974;2017;HK;1527;
494903974;2017;HM;139710;
495219156;2015;DI;-33722;
495219156;2015;HI;-382520;
495219156;2015;HM;383722;
495358806;2018;DI;346718;
495381899;2018;DI;-5814;
495381899;2018;FJ;34261;
495381899;2018;HI;1916;
495381899;2018;HM;95553;
497555904;2017;DI;-226053;
497555904;2017;HI;-545;
497555904;2017;HM;398970;
497665190;2017;DI;-493056;
497747790;2017;DI;17971;
497989764;2017;DI;44127;
498041714;2017;DI;38281;
498041714;2017;FJ;238508;
498041714;2017;HI;8603;
498041714;2017;HK;-3099;
498041714;2017;HM;483641;
498615640;2018;DI;438116;
498675743;2017;DI;277766;
498708114;2018;DI;12874;
498769058;2018;DI;483315;
498769058;2018;FJ;3001531;
498769058;2018;HI;99824;
498769058;2018;HK;115058;
498769058;2018;HM;5359641;
498791672;2017;DI;817875;
498791672;2017;FJ;3650726;
498791672;2017;HI;29236;
498791672;2017;HK;167985;
498791672;2017;HM;6804083;
498831478;2017;DI;-32289;
498831478;2017;FJ;612079;
498831478;2017;HI;4464;
498831478;2017;HK;-387;
498831478;2017;HM;1137894;
498876481;2016;DI;69819;
498910926;2018;DI;-4787;
498910926;2018;FJ;5522561;
498910926;2018;HI;349908;
498910926;2018;HM;4253943;
498947662;2018;310;177115;
499128858;2018;DI;69153;
499338663;2018;290;425000;
499338663;2018;306;84668;
499338663;2018;310;169336;
499348530;2016;310;-11305;
499348530;2017;310;-11574;
499369866;2014;DI;24076;
499369866;2014;FJ;258166;
499369866;2014;HI;2306;
499369866;2014;HK;3589;
499369866;2014;HM;516582;
499369866;2015;DI;40618;
499369866;2015;FJ;273842;
499369866;2015;HI;2321;
499369866;2015;HK;5781;
499369866;2015;HM;503772;
499369866;2016;DI;49991;
499369866;2016;FJ;345893;
499369866;2016;HI;-353;
499369866;2016;HK;7425;
499369866;2016;HM;583978;
499369866;2017;DI;46985;
499369866;2017;FJ;218460;
499369866;2017;HI;-2562;
499369866;2017;HK;7475;
499369866;2017;HM;522704;
499397784;2017;290;9093;
499397784;2017;310;-18833;
499399707;2017;DI;1191;
499399707;2017;HI;37236;
499399707;2017;HM;36044;
499711760;2018;DI;135188;
499881886;2018;DI;114852;
499887107;2018;DI;29694;
499887107;2018;FJ;222278;
499887107;2018;HK;4363;
499887107;2018;HM;404056;
500084546;2018;DI;168444;
500084546;2018;HK;60304;
500084546;2018;HM;510083;
500252895;2018;306;4055;
500252895;2018;310;28955;
500471503;2017;DI;62291;
500538301;2018;DI;97578;
500631759;2017;310;-8376;
501082663;2018;290;468;
501082663;2018;310;-1276;
501102321;2017;DI;74783;
501253140;2017;DI;77125;
501253140;2017;HK;-295766;
501253140;2017;HM;362875;
501492391;2018;306;2224;
501492391;2018;310;21778;
502073463;2018;DI;15916;
502181134;2017;290;1972;
502181134;2017;310;25252;
502371453;2018;DI;-1098;
502371453;2018;FJ;85117;
502371453;2018;HM;176240;
502628696;2018;306;7568;
502628696;2018;310;50284;
502742158;2018;290;8960;
502742158;2018;306;1498;
502742158;2018;310;906;
502901424;2016;306;261;
502901424;2016;310;1477;
503024507;2018;DI;73274;
503024507;2018;FJ;3990994;
503024507;2018;HI;11157;
503024507;2018;HK;17396;
503024507;2018;HM;2609837;
503331944;2017;DI;3113;
503331944;2017;FJ;97209;
503331944;2017;HM;200030;
503582355;2018;DI;148416;
503691388;2018;DI;120071;
503700965;2016;DI;136463;
503700965;2016;FJ;170876;
503700965;2016;HI;176;
503700965;2016;HM;77089;
503765828;2018;DI;45209;
503765828;2018;FJ;287514;
503765828;2018;HI;21188;
503765828;2018;HM;539061;
503768616;2018;290;9640;
503768616;2018;310;-10983;
503916421;2018;DI;28857;
503916421;2018;FJ;357297;
503916421;2018;HI;-5250;
503916421;2018;HK;3139;
503916421;2018;HM;868585;
503981409;2018;290;1824;
503981409;2018;310;14560;
504034547;2018;310;-9;
504072141;2017;DI;14482;
504072141;2017;HK;6856;
504072141;2017;HM;92481;
504108952;2017;DI;51669;
504108952;2017;FJ;897964;
504108952;2017;HI;1570;
504108952;2017;HK;-9600;
504108952;2017;HM;952068;
504127150;2018;DI;53075;
504215062;2018;DI;101365;
504215062;2018;HI;-1;
504215062;2018;HK;-1199;
504215062;2018;HM;12578;
504249145;2018;DI;38652;
504249145;2018;HM;6532;
504308982;2018;DI;-1253;
504308982;2018;HI;3000;
504308982;2018;HM;4253;
504335431;2018;290;83;
504335431;2018;306;-1153;
504335431;2018;310;-4689;
504406141;2018;DI;-4749868;
504406141;2018;HI;-4743187;
504406141;2018;HM;4891563;
504482803;2018;DI;83522;
504758012;2017;DI;-3948;
504758012;2017;HM;3948;
504787169;2018;290;200;
504787169;2018;306;6847;
504787169;2018;310;39362;
504939414;2018;DI;127354;
505143172;2017;DI;-119182;
505143172;2017;FJ;3504802;
505143172;2017;HI;-802;
505143172;2017;HM;7449137;
505195958;2018;290;912;
505195958;2018;306;1492;
505195958;2018;310;12186;
505349563;2018;DI;74246;
505382994;2016;DI;-62552;
505382994;2016;FJ;822531;
505382994;2016;HM;1568824;
507429579;2018;DI;185226;
508025327;2017;290;1597;
508025327;2017;306;227;
508025327;2017;310;3013;
508150745;2018;310;2155;
508155348;2017;DI;118906;
508345246;2016;310;877;
508837135;2017;DI;311536;
509304069;2018;DI;300917;
509304069;2018;FJ;2173601;
509304069;2018;HI;-5468;
509304069;2018;HM;1887885;
509344610;2016;DI;-34954;
509422903;2018;DI;113395;
509422903;2018;FJ;9974836;
509422903;2018;HI;36478;
509422903;2018;HK;22235;
509422903;2018;HM;9926057;
509431680;2018;DI;95369;
509431680;2018;HK;-1622;
509431680;2018;HM;4631;
509643557;2018;DI;57309;
509643557;2018;FJ;800291;
509643557;2018;HI;-31;
509643557;2018;HK;4542;
509643557;2018;HM;1448601;
509904470;2014;DI;4682;
509904470;2014;FJ;214347;
509904470;2014;HK;826;
509904470;2014;HM;449998;
509948956;2017;290;247;
509948956;2017;306;-4283;
509948956;2017;310;9831;
510235807;2018;DI;-25201;
510354830;2017;DI;14845;
510354830;2017;FJ;487593;
510354830;2017;HI;1797;
510354830;2017;HK;2075;
510354830;2017;HM;501044;
510354830;2018;DI;-15215;
510354830;2018;FJ;433088;
510354830;2018;HI;10235;
510354830;2018;HM;542321;
510438971;2018;310;-62171;
510725682;2017;DI;100612;
510725682;2017;HK;27255;
510725682;2017;HM;226639;
510751118;2017;DI;67189;
510751118;2017;FJ;272907;
510751118;2017;HM;675879;
511047458;2016;310;2416;
511058315;2018;DI;45655;
511058315;2018;FJ;1182088;
511058315;2018;HI;-5682;
511058315;2018;HK;-5000;
511058315;2018;HM;2269290;
511144966;2018;DI;168076;
511234254;2018;290;181;
511234254;2018;306;2954;
511234254;2018;310;45682;
511444481;2018;306;38897;
511444481;2018;310;121432;
511672032;2018;306;2986;
511672032;2018;310;17984;
511870677;2018;DI;162256;
511870677;2018;FJ;4324758;
511870677;2018;HI;-13368;
511870677;2018;HK;-5441;
511870677;2018;HM;2250613;
512021312;2018;DI;76503;
512021312;2018;HI;-3596;
512021312;2018;HM;27493;
512024084;2018;DI;41621;
512024084;2018;FJ;100007;
512024084;2018;HI;23371;
512024084;2018;HJ;-1;
512024084;2018;HM;225545;
512042730;2015;DI;-11163;
512042730;2015;FJ;62540;
512042730;2015;HI;-1212;
512042730;2015;HM;154680;
512098286;2018;DI;-8380;
512098286;2018;FJ;155712;
512098286;2018;HI;30;
512098286;2018;HM;180647;
512918996;2016;DI;88521;
513012625;2018;306;3222;
513012625;2018;310;28993;
513026740;2018;DI;10764;
513026740;2018;FJ;72387;
513026740;2018;HI;-179;
513026740;2018;HK;-2898;
513026740;2018;HM;120814;
513409052;2017;DI;13209;
513409052;2017;HI;8946;
513409052;2017;HM;21196;
513416297;2018;DI;5385;
513416297;2018;FJ;93509;
513416297;2018;HI;15643;
513416297;2018;HK;1180;
513416297;2018;HM;179530;
513434555;2017;DI;-8151;
513434555;2017;HM;8152;
513504530;2018;DI;18578;
513504530;2018;FJ;811720;
513504530;2018;HI;102;
513504530;2018;HM;586936;
513595447;2016;306;4333;
513595447;2016;310;24551;
513712687;2018;290;2000;
513712687;2018;306;2840;
513712687;2018;310;16090;
513836999;2017;310;-6508;
514056266;2017;DI;656039;
514056266;2017;FJ;1608200;
514056266;2017;HK;308434;
514056266;2017;HM;504362;
514195635;2017;DI;128911;
514195635;2017;FJ;292156;
514195635;2017;HI;-13;
514195635;2017;HM;548480;
514210137;2018;DI;104274;
514210137;2018;HI;-59148;
514210137;2018;HK;30674;
514210137;2018;HM;1895326;
514319821;2014;310;-4868;
514319821;2015;310;-78475;
515007268;2017;DI;427304;
515007268;2017;FJ;1874221;
515007268;2017;HI;212699;
515007268;2017;HK;193831;
515007268;2017;HM;6400389;
515075638;2015;290;1996;
515075638;2015;306;115287;
515075638;2015;310;91863;
515075638;2016;DI;34045;
515297406;2018;290;77;
517565735;2018;306;2372;
517565735;2018;310;37157;
517645735;2017;310;-4097;
517655957;2018;290;65189;
517655957;2018;310;13374;
517687976;2017;306;14212;
517687976;2017;310;61346;
517960134;2018;290;52500;
517960134;2018;306;32820;
517960134;2018;310;250710;
518247093;2018;DI;42212;
518247093;2018;FJ;87561;
518247093;2018;HI;-50;
518247093;2018;HK;10428;
518247093;2018;HM;86568;
518508122;2017;DI;-2892;
518508122;2017;FJ;424466;
518508122;2017;HI;1532;
518508122;2017;HK;6152;
518508122;2017;HM;492308;
518566526;2016;290;2800;
518566526;2016;306;430;
518566526;2016;310;5111;
518566526;2017;310;6466;
518792338;2018;DI;592105;
519069462;2017;DI;-36014;
519069462;2017;FJ;6714121;
519069462;2017;HI;-1597;
519069462;2017;HM;12537021;
519248181;2017;310;2239;
519589196;2017;DI;95487;
519919278;2017;290;2000;
519919278;2017;310;-1934;
519950547;2018;DI;-10990;
519950547;2018;HI;-3410;
519950547;2018;HM;15842;
520780719;2017;DI;36170;
520780719;2017;FJ;49431;
520780719;2017;HI;-135598;
520780719;2017;HK;4085;
520780719;2017;HM;233748;
520955998;2017;DI;121718;
520955998;2017;FJ;752500;
520955998;2017;HI;58562;
520955998;2017;HK;42677;
520955998;2017;HM;1595329;
521196329;2018;DI;32963;
521262956;2018;290;295;
521262956;2018;310;-8771;
521277541;2017;DI;227672;
521438341;2018;DI;1084564;
521438341;2018;FJ;10288535;
521438341;2018;HI;-28243;
521438341;2018;HK;467534;
521438341;2018;HM;19907376;
522051531;2018;DI;216632;
522055151;2018;DI;117455;
522085638;2018;290;4359;
522085638;2018;310;7489;
522287689;2017;DI;121439;
522488253;2018;310;-854;
522603349;2018;DI;1891;
522603349;2018;FJ;550923;
522603349;2018;HI;-381;
522603349;2018;HK;365;
522603349;2018;HM;549044;
522741438;2018;DI;45410;
522741438;2018;FJ;1294627;
522741438;2018;HK;9217;
522741438;2018;HM;2143017;
522829878;2017;290;881077;
522829878;2017;306;5758;
522829878;2017;310;-156499;
522837566;2017;DI;-174;
522837566;2017;FJ;4200;
522837566;2017;HM;9524;
523074748;2017;DI;28416;
523074748;2017;FJ;642565;
523074748;2017;HI;-439;
523074748;2017;HM;266417;
523175636;2018;DI;54177;
523257301;2017;DI;-107018;
523257301;2017;FJ;593845;
523257301;2017;HI;-38993;
523257301;2017;HM;1368610;
523534428;2018;DI;77432;
523534428;2018;HI;3434;
523534428;2018;HK;18128;
523534428;2018;HM;338811;
523831667;2018;DI;-12816;
523831667;2018;HI;1;
523831667;2018;HK;-4376;
523831667;2018;HM;71577;
523884617;2018;290;130;
523884617;2018;310;-3834;
523922367;2018;306;3926;
523922367;2018;310;22249;
524148608;2018;DI;41981;
524251477;2018;DI;3886;
524251477;2018;HI;-83;
524251477;2018;HK;-693;
524251477;2018;HM;115845;
524498987;2017;DI;19971;
524498987;2017;FJ;156090;
524498987;2017;HI;-95;
524498987;2017;HK;3537;
524498987;2017;HM;306416;
524590403;2016;290;312000;
524590403;2016;310;856;
524870482;2017;310;-9659;
525238655;2018;310;12535;
525289237;2018;DI;115181;
525289237;2018;FJ;287364;
525289237;2018;HI;-546;
525289237;2018;HM;466797;
527568760;2018;290;300523;
527568760;2018;310;424379;
527711139;2018;DI;11747;
527711139;2018;FJ;3752575;
527711139;2018;HI;113105;
527711139;2018;HM;7517948;
527830541;2017;310;-2078;
528031925;2017;DI;7310;
528031925;2017;FJ;1107534;
528031925;2017;HI;-3068;
528031925;2017;HK;1270;
528031925;2017;HM;1116784;
528037716;2017;290;96;
528037716;2017;306;-300;
528037716;2017;310;2373;
528061955;2017;310;12346;
528069057;2018;290;1344;
528069057;2018;310;-1327;
528181001;2018;290;24681;
528181001;2018;306;1222;
528181001;2018;310;25084;
528184302;2016;310;-6994;
528221187;2018;DI;70383;
528221187;2018;FJ;143260;
528221187;2018;HK;14162;
528221187;2018;HM;212703;
528282890;2018;DI;95130;
528358906;2017;DI;676132;
528358906;2017;FJ;352487;
528358906;2017;HI;2067;
528358906;2017;HK;244705;
528358906;2017;HM;353719;
528372758;2017;DI;495238;
528372758;2017;HK;-9781;
528372758;2017;HM;24882;
528675929;2017;310;-5077;
528919665;2017;DI;173579;
529314007;2018;DI;-81;
529314007;2018;HM;2081;
529368318;2017;DI;3482;
529395352;2017;DI;-27311;
529395352;2017;FJ;385595;
529395352;2017;HM;285385;
529566408;2017;DI;-185516;
529566408;2017;FJ;15968;
529566408;2017;HM;201488;
529597395;2017;310;-955;
529619025;2017;DI;15218;
529627531;2018;DI;57916;
529627531;2018;FJ;897766;
529627531;2018;HI;-678;
529627531;2018;HK;-11132;
529627531;2018;HM;848098;
529746174;2017;DI;617785;
529746174;2017;FJ;18570497;
529746174;2017;HI;-1200;
529746174;2017;HK;283935;
529746174;2017;HM;40567761;
529815870;2017;290;24526;
529815870;2017;306;4513;
529815870;2017;310;42599;
529916504;2018;DI;94696;
529916504;2018;FJ;944708;
529916504;2018;HI;58854;
529916504;2018;HK;11982;
529916504;2018;HM;1953371;
530320613;2018;DI;62263;
530320613;2018;FJ;1944728;
530320613;2018;HI;-34153;
530320613;2018;HK;12366;
530320613;2018;HM;3569101;
530506591;2018;310;-884;
530611078;2018;310;-10201;
530633411;2018;DI;347886;
530738152;2017;DI;164828;
530738152;2017;HI;-11920;
530738152;2017;HM;482049;
530766815;2017;290;1;
530766815;2017;310;725;
530766815;2018;290;2;
530766815;2018;310;-194;
530870849;2018;310;4932;
530899723;2017;306;3209;
530899723;2017;310;18182;
530999895;2018;DI;223994;
530999895;2018;HM;17006;
531316420;2018;DI;100773;
531316420;2018;HI;-1092;
531316420;2018;HK;23308;
531316420;2018;HM;929904;
531463693;2018;DI;4910;
531463693;2018;FJ;71347;
531463693;2018;HI;-124;
531463693;2018;HM;148810;
531543643;2017;DI;37873;
531543643;2017;FJ;626771;
531543643;2017;HI;-1851;
531543643;2017;HM;1230081;
531640563;2018;306;842;
531640563;2018;310;4772;
531739407;2017;DI;136986;
532042124;2017;306;904;
532042124;2017;310;8528;
532097615;2018;DI;25125;
532793031;2018;DI;-4139;
532793031;2018;FJ;13196;
532793031;2018;HI;6944;
532793031;2018;HM;43565;
533054821;2017;DI;12905;
533054821;2017;HM;18165;
533152492;2018;310;-15269;
533177150;2017;DI;10943;
533177150;2017;FJ;72082;
533177150;2017;HK;1698;
533177150;2017;HM;135740;
533275434;2018;DI;127610;
533297271;2017;DI;2595349;
533297271;2017;FJ;824104;
533297271;2017;HI;-34405;
533297271;2017;HK;-5630376;
533297271;2017;HM;20171532;
533346565;2017;290;1742;
533346565;2017;310;8433;
533354650;2017;DI;10086;
533354650;2017;FJ;88442;
533354650;2017;HI;589;
533354650;2017;HK;1445;
533354650;2017;HM;155458;
533386561;2018;DI;2227;
533386561;2018;FJ;663990;
533386561;2018;HI;-590;
533386561;2018;HM;667061;
533546016;2018;DI;-99012;
533546016;2018;FJ;16000;
533546016;2018;HI;-14754;
533546016;2018;HM;146417;
533570040;2018;DI;44115;
533570040;2018;HK;7372;
533570040;2018;HM;300480;
533613972;2018;DI;34350;
533613972;2018;FJ;503153;
533613972;2018;HI;5000;
533613972;2018;HK;5491;
533613972;2018;HM;493168;
533662409;2017;DI;15781;
533662409;2017;HI;-226;
533662409;2017;HK;2902;
533662409;2017;HM;230772;
533764098;2018;290;7450;
533764098;2018;306;3748;
533764098;2018;310;24982;
533858643;2018;DI;160569;
533858643;2018;HI;-5357;
533858643;2018;HK;7589;
533858643;2018;HM;1868673;
534150263;2017;290;12;
534150263;2017;306;1783;
534150263;2017;310;10281;
534206834;2017;DI;-31298;
534206834;2017;HI;2704;
534206834;2017;HM;916294;
534215652;2018;DI;-21439;
534215652;2018;HI;-9278;
534215652;2018;HM;151583;
534235734;2017;DI;25484;
534405360;2017;DI;-5710;
534405360;2017;HM;5710;
534436381;2018;DI;22696;
534436381;2018;FJ;1305389;
534436381;2018;HI;29845;
534436381;2018;HM;1321366;
534467444;2017;DI;173700;
534467444;2017;HI;805;
534467444;2017;HK;37985;
534467444;2017;HM;3617463;
534632112;2017;DI;286262;
534632112;2017;FJ;42682728;
534632112;2017;HI;232655;
534632112;2017;HK;133751;
534632112;2017;HM;21591084;
537654758;2018;290;216;
537654758;2018;306;6617;
537654758;2018;310;33294;
537908758;2017;DI;1529668;
537908758;2017;FJ;24228035;
537908758;2017;HI;-274541;
537908758;2017;HK;-340969;
537908758;2017;HM;45772915;
538011479;2017;306;2356;
538011479;2017;310;13353;
538398181;2017;DI;-468;
538398181;2017;FJ;79308;
538398181;2017;HM;172012;
538647199;2018;DI;75346;
538647199;2018;HM;16652;
538654153;2018;DI;17158;
538654153;2018;FJ;273767;
538654153;2018;HI;-169;
538654153;2018;HK;3657;
538654153;2018;HM;593613;
538782962;2017;DI;-36984;
538892050;2017;DI;-43596;
538892050;2017;FJ;226921;
538892050;2017;HI;-11797;
538892050;2017;HM;1273306;
538915984;2017;290;9990;
538915984;2017;310;-260446;
538924747;2017;DI;789;
538924747;2017;HI;-1239;
538924747;2017;HK;357;
538924747;2017;HM;308496;
538931825;2018;DI;87032;
538931825;2018;HI;-3037;
538931825;2018;HK;2134;
538931825;2018;HM;199144;
539083774;2018;DI;117439;
539083774;2018;FJ;156000;
539083774;2018;HK;4863;
539083774;2018;HM;278910;
539227330;2018;306;2027;
539227330;2018;310;9573;
539237339;2017;290;364;
539237339;2017;310;-1756;
539450940;2015;290;13712;
539450940;2015;310;857;
539450940;2016;290;18991;
539450940;2017;290;13817;
539537084;2017;DI;124675;
539831206;2018;290;14727;
539831206;2018;310;311;
569501752;2017;DI;20720;
569501752;2017;FJ;354766;
569501752;2017;HI;3674;
569501752;2017;HM;682958;
572051688;2018;DI;33084134;
572051688;2018;FJ;353480614;
572051688;2018;HI;-402031;
572051688;2018;HJ;1761511;
572051688;2018;HK;4908611;
572051688;2018;HM;232264098;
578501728;2017;DI;453563;
578506149;2017;DI;386371;
602650020;2018;DI;312954;
617020672;2018;DI;-38265;
617020672;2018;HM;69222;
637281114;2017;290;5000;
637281114;2017;310;3940;
650501695;2018;DI;-32243;
656580073;2016;DI;-18540;
656580073;2016;FJ;14678943;
656580073;2016;HI;-22937;
656580073;2016;HM;9926144;
677180614;2017;DI;17122;
677180614;2017;FJ;886232;
677180614;2017;HI;21740;
677180614;2017;HK;2645;
677180614;2017;HM;470384;
702050923;2016;DI;-1861;
702050923;2016;HM;1862;
716420674;2017;DI;1016801;
716420674;2017;FJ;460741;
716420674;2017;HI;15417;
716420674;2017;HK;94464;
716420674;2017;HM;743368;
747220481;2017;DI;32445;
747220481;2017;FJ;15051597;
747220481;2017;HI;-21344;
747220481;2017;HK;-51065;
747220481;2017;HM;7589444;
749972030;2018;DI;-3509;
749972030;2018;FJ;142700;
749972030;2018;HM;273159;
750095119;2017;306;9946;
750095119;2017;310;56358;
750118044;2017;DI;119564;
750118044;2017;FJ;848945;
750118044;2017;HI;3807;
750118044;2017;HK;25399;
750118044;2017;HM;1542813;
750194458;2018;DI;65708;
750194458;2018;FJ;2420270;
750194458;2018;HI;-135;
750194458;2018;HK;-1744;
750194458;2018;HM;1634836;
750370009;2018;DI;446775;
750370009;2018;FJ;298901;
750370009;2018;HI;314151;
750370009;2018;HM;861973;
750619629;2017;DI;23941;
750619629;2017;FJ;915537;
750619629;2017;HI;-443;
750619629;2017;HK;3067;
750619629;2017;HM;954494;
750669707;2017;290;44;
750669707;2017;306;4006;
750669707;2017;310;25089;
750681363;2018;DI;37596;
750681363;2018;FJ;133724;
750681363;2018;HK;5867;
750681363;2018;HM;229656;
750801920;2018;DI;-141;
750801920;2018;HM;144201;
750892861;2017;306;3965;
750892861;2017;310;22461;
751238783;2018;DI;133512;
751238783;2018;HI;-26774;
751238783;2018;HK;37657;
751238783;2018;HM;1733823;
751241084;2018;DI;553829;
751506247;2016;290;1000;
751506247;2016;310;526;
751888926;2018;306;8022;
751888926;2018;310;45914;
751938846;2018;290;45;
751938846;2018;310;-8209;
751975947;2017;306;5637;
751975947;2017;310;28573;
752197475;2018;DI;204635;
752197475;2018;HK;-18872;
752197475;2018;HM;35379;
752329839;2018;DI;95932;
752356568;2017;DI;158844;
752385997;2018;DI;46295;
752482802;2017;306;-409;
752482802;2017;310;16221;
752575076;2018;DI;472;
752611319;2018;290;4167;
752611319;2018;306;2912;
752611319;2018;310;53954;
752678730;2018;290;2708;
752678730;2018;310;-1679;
752711572;2017;DI;1687558;
752711572;2017;HI;1742143;
752711572;2017;HK;4049;
752711572;2017;HM;875047;
752906701;2018;DI;-37493;
752906701;2018;FJ;1156;
752906701;2018;HI;63253;
752906701;2018;HK;6994;
752906701;2018;HM;160543;
752935601;2018;DI;65474;
753023449;2018;310;128003;
753086305;2018;DI;-4690;
753086305;2018;FJ;1366131;
753086305;2018;HI;-49;
753086305;2018;HM;711844;
753242536;2017;306;150;
753242536;2017;310;852;
753430636;2018;306;1207;
753430636;2018;310;8657;
753800721;2017;DI;14267;
753800721;2017;HK;2272;
753800721;2017;HM;3568;
753909415;2018;306;363;
753909415;2018;310;2630;
754037661;2016;306;7489;
754037661;2016;310;242700;
754037661;2017;290;20000;
754037661;2017;306;9301;
754037661;2017;310;264085;
769800830;2018;DI;1248795;
771801255;2017;DI;17376;
771801255;2017;FJ;31794;
771801255;2017;HK;3066;
771801255;2017;HM;14432;
776643793;2018;DI;30345;
784172975;2016;DI;18494;
784172975;2016;FJ;106488;
784172975;2016;HI;-10818;
784172975;2016;HM;209830;
786043547;2018;DI;273284;
786043547;2018;FJ;15239513;
786043547;2018;HI;11302;
786043547;2018;HK;76221;
786043547;2018;HM;21867274;
787380260;2017;DI;363507;
788184299;2018;DI;693879;
788184299;2018;FJ;25013281;
788184299;2018;HI;203879;
788184299;2018;HK;-33755;
788184299;2018;HM;49917268;
788476927;2018;DI;-286;
788476927;2018;FJ;287551;
788476927;2018;HI;-1192;
788476927;2018;HK;-6911;
788476927;2018;HM;580978;
788642841;2017;306;7011;
788642841;2017;310;39015;
788719292;2017;DI;30158;
788719292;2017;FJ;514258;
788719292;2017;HI;-4749;
788719292;2017;HK;4977;
788719292;2017;HM;491052;
788892826;2018;DI;37226;
788892826;2018;FJ;137676;
788892826;2018;HI;4447;
788892826;2018;HK;6510;
788892826;2018;HM;260466;
788907897;2018;DI;14464;
788907897;2018;HK;2900;
788907897;2018;HM;116478;
788950889;2017;290;144;
788994275;2018;DI;75701;
789151370;2016;DI;-115113;
789151370;2017;DI;108927;
789326279;2018;DI;118057;
789715604;2017;DI;19166;
789715604;2017;FJ;51489;
789715604;2017;HK;3383;
789715604;2017;HM;76293;
789790508;2017;306;-1585;
789790508;2017;310;8058;
789855582;2018;DI;203136;
789855582;2018;HI;-44;
789855582;2018;HM;9607;
789858552;2018;290;241;
789858552;2018;310;-4154;
789873361;2017;306;611;
789873361;2017;310;3171;
789919149;2015;DI;-23504;
789919149;2015;FJ;593568;
789919149;2015;HI;7220;
789919149;2015;HM;630349;
790005862;2017;310;-10333;
790092258;2017;DI;-269966;
790092258;2017;HI;198537;
790092258;2017;HK;14944;
790092258;2017;HM;481612;
790125686;2016;290;199;
790125686;2016;310;9244;
790125686;2017;306;-1681;
790125686;2017;310;7307;
790212740;2018;306;4028;
790212740;2018;310;24878;
790240337;2017;DI;35122;
790240337;2017;FJ;76799;
790240337;2017;HI;-225;
790240337;2017;HK;-29;
790240337;2017;HM;153516;
790336770;2017;DI;115086;
790480925;2017;DI;397198;
790480925;2017;FJ;23955885;
790480925;2017;HI;4297;
790480925;2017;HK;172474;
790480925;2017;HM;15371504;
790534820;2018;DI;175123;
790534820;2018;HI;-8490;
790534820;2018;HK;-12905;
790534820;2018;HM;27837;
790550065;2018;DI;30456;
790550065;2018;FJ;227922;
790550065;2018;HI;-9811;
790550065;2018;HK;980;
790550065;2018;HM;417531;
790730675;2017;306;6120;
790730675;2017;310;37338;
790860654;2016;DI;47705;
790860654;2016;FJ;563348;
790860654;2016;HI;-2940;
790860654;2016;HK;6652;
790860654;2016;HM;959572;
791018856;2017;310;11348;
791070907;2017;DI;-21393868;
791070907;2017;FJ;10911603;
791070907;2017;HI;-5973757;
791070907;2017;HM;55689854;
791294374;2018;DI;731;
791294374;2018;FJ;8690;
791294374;2018;HM;10284;
791312838;2018;DI;26324;
791312838;2018;HI;-569;
791312838;2018;HK;4366;
791312838;2018;HM;305885;
791513690;2018;DI;3183;
791513690;2018;FJ;10884;
791513690;2018;HM;17192;
791670979;2018;DI;2145;
791670979;2018;FJ;700131;
791670979;2018;HM;460589;
791687858;2018;DI;50430;
791785868;2017;DI;-1990;
791785868;2017;HM;1995;
791956436;2017;DI;4058;
791956436;2017;HK;668;
791956436;2017;HM;113677;
792031692;2018;DI;123075;
792031692;2018;HI;1455;
792031692;2018;HK;36118;
792031692;2018;HM;370017;
792070286;2017;306;1409;
792070286;2017;310;7423;
792085482;2018;DI;302364;
792085482;2018;FJ;1945605;
792085482;2018;HI;3866;
792085482;2018;HK;117117;
792085482;2018;HM;3479864;
792086076;2017;290;11;
792086076;2017;310;-428;
792283673;2018;DI;113086;
792388340;2017;DI;-4498;
792388340;2017;FJ;137924;
792388340;2017;HI;2399;
792388340;2017;HM;311967;
792418402;2017;306;7505;
792418402;2017;310;48480;
792520405;2018;306;24633;
792520405;2018;310;94757;
792609307;2017;DI;7521;
792609307;2017;FJ;56601;
792609307;2017;HI;-79;
792609307;2017;HK;1341;
792609307;2017;HM;49080;
792883043;2018;306;-533;
792883043;2018;310;-660;
792954653;2017;DI;19661;
793003286;2017;DI;-11339;
793003286;2017;FJ;972869;
793003286;2017;HI;467956;
793003286;2017;HM;2240823;
793441478;2018;DI;455156;
793469008;2018;DI;42145;
793469008;2018;FJ;471550;
793469008;2018;HI;-499;
793469008;2018;HK;2655;
793469008;2018;HM;855969;
793562125;2018;DI;342988;
793690736;2018;DI;-57974;
793690736;2018;FJ;164655;
793690736;2018;HI;-20737;
793690736;2018;HK;-6994;
793690736;2018;HM;443537;
793813247;2018;DI;-77157;
793860388;2018;310;-79772;
793913377;2017;DI;50553;
793913377;2017;FJ;123361;
793913377;2017;HK;11491;
793913377;2017;HM;127600;
793972597;2018;310;-4484;
794484352;2018;DI;3929;
794530071;2018;DI;392428;
794565580;2018;DI;-3982;
794565580;2018;FJ;117827;
794565580;2018;HM;82770;
794613489;2018;DI;73197;
794613489;2018;FJ;950220;
794613489;2018;HI;-3060;
794613489;2018;HJ;20000;
794613489;2018;HK;8000;
794613489;2018;HM;1799440;
794616037;2017;DI;204015;
794682062;2016;310;-9372;
794966614;2018;DI;245346;
794966614;2018;FJ;261507;
794966614;2018;HK;711;
794966614;2018;HM;383943;
795014828;2017;290;1049;
795014828;2017;310;-29435;
795173400;2017;306;4190;
795173400;2017;310;37640;
795403336;2017;306;1283;
795403336;2017;310;8582;
797394038;2017;310;13613;
797556438;2017;310;-4514;
798100798;2017;290;2488;
798606430;2017;310;-151;
798846143;2016;DI;-2625;
798846143;2016;HM;2627;
798846143;2017;DI;-1926;
798846143;2017;HI;-8;
798846143;2017;HM;1926;
799086772;2018;DI;11966;
799086772;2018;HI;-110;
799086772;2018;HK;1321;
799086772;2018;HM;424303;
799110358;2018;DI;57956;
799110358;2018;HK;7595;
799110358;2018;HM;573550;
799152228;2017;310;-35177;
799247713;2017;DI;-5418;
799247713;2017;HM;5418;
799253224;2017;DI;149801;
799253224;2017;FJ;546493;
799253224;2017;HM;398185;
799346333;2017;DI;-25038;
799416060;2017;306;709;
799416060;2017;310;3954;
799430400;2018;310;-21607;
799784012;2017;DI;192389;
800005027;2017;DI;-45268;
800005027;2017;HK;8798;
800005027;2017;HM;92443;
800218083;2017;310;578;
800372245;2018;310;38733;
800467391;2018;290;94834;
800467391;2018;306;15817;
800467391;2018;310;74645;
800474801;2017;DI;198499;
800474801;2017;FJ;2828172;
800474801;2017;HK;53162;
800474801;2017;HM;5938764;
800539355;2017;306;4255;
800539355;2017;310;24744;
801131244;2018;DI;-2188;
801131244;2018;HM;2188;
801184185;2018;310;-13535;
801231614;2018;DI;53699;
801231614;2018;FJ;933967;
801231614;2018;HI;1536;
801231614;2018;HK;8441;
801231614;2018;HM;1844908;
801433442;2018;310;-72570;
801574211;2016;306;3021;
801574211;2016;310;22035;
801588682;2018;DI;-3976;
801588682;2018;HM;3979;
801813981;2017;DI;7481;
801813981;2017;HI;-6560;
801813981;2017;HM;754298;
801871484;2018;DI;421708;
802054999;2017;310;71925;
802127837;2016;306;4435;
802127837;2016;310;29635;
802131268;2016;310;38475;
802228163;2018;310;17417;
802238170;2018;DI;4657;
802238170;2018;FJ;35604;
802238170;2018;HI;2544;
802238170;2018;HM;80119;
802314617;2018;DI;85179;
802314617;2018;HM;9904;
802785758;2017;290;3470;
802785758;2017;306;1022;
802785758;2017;310;12937;
802830760;2015;DI;8586;
802830760;2015;FJ;192916;
802830760;2015;HI;-198;
802830760;2015;HK;1403;
802830760;2015;HM;187580;
802830760;2016;DI;3437;
802830760;2016;FJ;238577;
802830760;2016;HI;1453;
802830760;2016;HM;240795;
802830760;2017;DI;3895;
802830760;2017;FJ;222450;
802830760;2017;HI;-1745;
802830760;2017;HK;-245;
802830760;2017;HM;223148;
802893636;2017;DI;488452;
802893636;2017;HI;-183540;
802893636;2017;HK;-607388;
802893636;2017;HM;581224;
802963157;2017;DI;-6963;
802963157;2017;HM;23526;
802986299;2018;DI;16154;
802986299;2018;HI;-3686;
802986299;2018;HM;156613;
803027135;2017;DI;180;
803182211;2017;DI;149585;
803232313;2017;306;26289;
803232313;2017;310;98562;
803387497;2018;DI;-3026;
803527274;2018;306;1915;
803527274;2018;310;10850;
803567114;2018;DI;83806;
803567114;2018;HI;216;
803567114;2018;HK;22422;
803567114;2018;HM;2312105;
803725571;2017;DI;2383;
803725571;2017;FJ;169191;
803725571;2017;HI;-243;
803725571;2017;HM;128027;
803751072;2017;290;500;
803751072;2017;306;-688;
803751072;2017;310;-2610;
803751072;2018;290;3482;
803751072;2018;306;1312;
803751072;2018;310;17109;
803754118;2017;DI;-81656;
803754118;2017;FJ;1069168;
803754118;2017;HI;-427;
803754118;2017;HM;711978;
803760230;2018;310;-4250;
803811876;2017;306;-300;
803811876;2017;310;-573;
803905256;2018;DI;124881;
803936285;2017;306;908;
803936285;2017;310;6727;
803987437;2018;DI;763;
803987437;2018;FJ;129882;
803987437;2018;HI;-249;
803987437;2018;HM;315690;
804017234;2017;DI;52974;
804017234;2017;FJ;93070;
804017234;2017;HK;8628;
804017234;2017;HM;127700;
804049385;2017;DI;999;
804049385;2017;FJ;557717;
804049385;2017;HI;-3392;
804049385;2017;HM;1159654;
804072585;2017;290;1750;
804072585;2017;306;3074;
804072585;2017;310;17238;
804652048;2017;310;-23669;
804804607;2018;DI;-22422;
804804607;2018;FJ;-205;
804804607;2018;HI;-500;
804804607;2018;HM;22721;
805126588;2017;310;-54977;
807388921;2017;290;73;
807388921;2017;310;-32703;
807478227;2016;DI;-5172;
807478227;2016;FJ;6668;
807478227;2016;HI;-1317;
807478227;2016;HM;14572;
807478227;2017;DI;-7960;
807478227;2017;FJ;1260;
807478227;2017;HM;8641;
807488838;2018;DI;-7557;
807488838;2018;HM;7557;
807504949;2017;DI;218999;
807504949;2017;FJ;2586374;
807504949;2017;HI;-9482;
807504949;2017;HK;76492;
807504949;2017;HM;1231535;
807511142;2017;DI;13617;
807511142;2017;HK;6623;
807511142;2017;HM;704715;
807604442;2018;DI;13954;
807604442;2018;FJ;114162;
807604442;2018;HI;-190;
807604442;2018;HM;103646;
807928601;2018;DI;199622;
807928601;2018;FJ;137500;
807928601;2018;HI;46107;
807928601;2018;HK;3302;
807928601;2018;HM;251689;
808005268;2017;DI;32735;
808005268;2017;HK;5487;
808005268;2017;HM;445656;
808072516;2017;DI;41439;
808072516;2017;FJ;3416296;
808072516;2017;HI;-3515;
808072516;2017;HK;9233;
808072516;2017;HM;1666708;
808141865;2017;306;12972;
808141865;2017;310;61031;
808174023;2017;290;1667;
808174023;2017;310;-3963;
808198055;2017;306;308;
808198055;2017;310;1742;
808234264;2018;DI;882998;
808234264;2018;FJ;393600;
808234264;2018;HI;-8230;
808234264;2018;HK;4298;
808234264;2018;HM;780224;
808340459;2017;310;-10691;
808423925;2017;310;5694;
808743975;2018;DI;59505;
808743975;2018;HM;315494;
808832943;2018;DI;39937;
808832943;2018;FJ;492027;
808832943;2018;HI;-29;
808832943;2018;HK;11961;
808832943;2018;HM;556099;
809031206;2017;HM;600;
809070956;2017;290;105;
809070956;2017;310;4337;
809311426;2018;DI;126557;
809311426;2018;FJ;1625342;
809311426;2018;HI;-758;
809311426;2018;HK;17983;
809311426;2018;HM;2898842;
809318470;2018;DI;196563;
809353527;2017;306;3900;
809353527;2017;310;20994;
809357841;2017;DI;76601;
809357841;2017;FJ;3435002;
809357841;2017;HI;47970;
809357841;2017;HK;12940;
809357841;2017;HM;3449132;
809460975;2018;DI;6430;
809460975;2018;FJ;9342;
809460975;2018;HK;749;
809460975;2018;HM;11510;
809673692;2018;306;36510;
809673692;2018;310;109999;
809857071;2018;306;637;
809857071;2018;310;8744;
809866635;2017;DI;32723;
809866635;2017;FJ;946403;
809866635;2017;HI;-532;
809866635;2017;HK;15560;
809866635;2017;HM;585080;
809903115;2018;DI;41717;
809908858;2017;DI;15218;
809945736;2017;DI;-2864;
809945736;2017;HK;-1431;
809945736;2017;HM;20234;
809969439;2017;306;1304;
809969439;2017;310;7387;
810031542;2017;DI;112380;
810055202;2017;290;6;
810055202;2017;306;1284;
810055202;2017;310;21418;
810055202;2018;290;290659;
810055202;2018;306;1174;
810055202;2018;310;14229;
810079913;2017;DI;1165;
810079913;2017;FJ;11885;
810079913;2017;HM;18743;
810094094;2017;310;-1806;
810160283;2017;290;3629;
810160283;2017;306;3624;
810160283;2017;310;27827;
810230391;2017;DI;5601;
810230391;2017;HM;20504;
810258541;2015;310;2210;
810280867;2018;306;515;
810280867;2018;310;4387;
810436204;2018;290;2034;
810436204;2018;306;6015;
810436204;2018;310;34640;
810521377;2018;306;129;
810521377;2018;310;2373;
810561928;2017;DI;1094;
810561928;2017;FJ;114912;
810561928;2017;HI;-512;
810561928;2017;HM;190260;
810615880;2018;310;2022;
810644526;2017;310;2133;
810657007;2018;DI;126726;
810726307;2015;310;-59;
810855460;2018;DI;987;
810855460;2018;FJ;163580;
810855460;2018;HI;3772;
810855460;2018;HK;378;
810855460;2018;HM;258677;
810982488;2017;DI;10213;
811058627;2017;310;137097;
811316686;2017;DI;245519;
811316686;2017;FJ;412182;
811316686;2017;HI;17195;
811316686;2017;HK;122760;
811316686;2017;HM;384707;
811316694;2017;DI;53042;
811316694;2017;FJ;117005;
811316694;2017;HK;26521;
811316694;2017;HM;244922;
811316702;2017;DI;268136;
811316702;2017;FJ;454339;
811316702;2017;HK;134069;
811316702;2017;HM;1078308;
811316710;2017;DI;227089;
811316710;2017;FJ;405313;
811316710;2017;HI;400;
811316710;2017;HK;113545;
811316710;2017;HM;408980;
811324722;2017;DI;-6324;
811324722;2017;HM;119043;
811553239;2017;306;127;
811553239;2017;310;2598;
811608132;2018;DI;566210;
811608132;2018;HK;246345;
811608132;2018;HM;3656092;
811665165;2017;310;-3785;
811763770;2016;DI;22518;
811763770;2016;FJ;710976;
811763770;2016;HI;-419;
811763770;2016;HK;3114;
811763770;2016;HM;688462;
812123073;2017;DI;51629;
812123073;2017;FJ;91975;
812123073;2017;HK;9112;
812123073;2017;HM;111495;
812138733;2018;306;2076;
812138733;2018;310;11761;
812144129;2018;DI;196143;
812293702;2018;DI;2048;
812293702;2018;HK;369;
812293702;2018;HM;387533;
812415099;2018;DI;192333;
812415099;2018;FJ;1917185;
812415099;2018;HK;82732;
812415099;2018;HM;1725463;
812468270;2018;310;38308;
812505915;2018;290;44185;
812505915;2018;306;1268;
812505915;2018;310;2153;
812677375;2018;DI;8531;
812677375;2018;FJ;51844;
812677375;2018;HK;1322;
812677375;2018;HM;79394;
812706315;2018;290;833;
812706315;2018;310;8874;
812719011;2017;DI;127128;
812719011;2017;HM;34997;
812785251;2018;310;81503;
812785392;2018;310;82767;
812810224;2018;310;-8303;
813038619;2017;310;-647;
813262292;2018;DI;26535;
813262292;2018;HI;-3447;
813262292;2018;HK;2681;
813262292;2018;HM;2436212;
813280906;2017;DI;-81960;
813280906;2017;HM;134107;
813301611;2017;DI;76672;
813301611;2017;FJ;2087027;
813301611;2017;HI;-137;
813301611;2017;HM;4171892;
813592102;2018;DI;74486;
813626256;2018;DI;-25863;
813626256;2018;FJ;9610;
813626256;2018;HM;147491;
813628039;2018;310;34;
814193454;2017;DI;-7556;
814193454;2017;FJ;34126;
814193454;2017;HM;75753;
814250361;2017;DI;35676;
814250361;2017;FJ;838200;
814250361;2017;HK;-26071;
814250361;2017;HM;1457543;
814291621;2018;DI;564503;
814291621;2018;FJ;3084212;
814291621;2018;HI;-4629;
814291621;2018;HK;146521;
814291621;2018;HM;5384635;
814316634;2018;DI;66381;
814379079;2017;306;216;
814379079;2017;310;4631;
814540340;2018;DI;108098;
814540340;2018;FJ;2072368;
814540340;2018;HK;32012;
814540340;2018;HM;4879302;
814746616;2017;DI;-8993;
814746616;2017;HM;8993;
814890497;2017;DI;28673;
814890497;2017;FJ;100066;
814890497;2017;HK;5495;
814890497;2017;HM;168275;
814954848;2016;310;-756;
814954848;2017;310;28;
814982211;2018;DI;370343;
814982211;2018;HM;37238;
815076310;2017;DI;6603;
815076310;2017;FJ;2746625;
815076310;2017;HI;-1269;
815076310;2017;HM;2745928;
815127139;2017;DI;-6456;
815257605;2017;DI;-119806;
815257605;2017;HI;416;
815257605;2017;HM;124916;
815258223;2017;DI;165377;
815258223;2017;FJ;2737543;
815258223;2017;HI;-2292;
815258223;2017;HM;2585459;
815261961;2017;290;8;
815261961;2017;310;-13337;
815389192;2017;310;-7307;
817382005;2018;DI;75076;
817389596;2018;290;11958;
817389596;2018;310;-48844;
817482714;2017;DI;64296;
817622764;2017;DI;6083;
817622764;2017;FJ;48674;
817622764;2017;HI;1461;
817622764;2017;HK;735;
817622764;2017;HM;89467;
817697808;2018;DI;55934;
817697808;2018;HM;1766531;
817915192;2018;DI;335968;
818243933;2017;310;-3856;
818404006;2018;DI;-6218;
818404006;2018;HI;-8;
818404006;2018;HM;9103;
818642480;2017;290;21;
818642480;2017;310;-2120;
818651028;2018;DI;18459;
818651028;2018;FJ;322599;
818651028;2018;HI;-57;
818651028;2018;HK;2930;
818651028;2018;HM;326320;
818693996;2018;290;3750;
818693996;2018;306;356;
818693996;2018;310;7545;
818786808;2018;DI;163152;
818786808;2018;HM;19548;
818808719;2017;DI;-10721;
818808719;2017;FJ;115969;
818808719;2017;HM;126977;
819022955;2018;DI;160236;
819040098;2016;DI;-81942;
819129842;2017;DI;-4984;
819129842;2017;FJ;38950;
819129842;2017;HM;44471;
819155417;2017;290;460;
819155417;2017;310;-1626;
819162462;2017;DI;-62865;
819162462;2017;FJ;771775;
819162462;2017;HM;868438;
819165531;2018;310;-38905;
819250911;2018;DI;-11170;
819250911;2018;FJ;124355;
819250911;2018;HI;3783;
819250911;2018;HM;163438;
819345026;2018;DI;182711;
819424177;2018;290;5;
819424177;2018;306;4317;
819424177;2018;310;35060;
819465121;2018;DI;39948;
819465121;2018;FJ;3901487;
819465121;2018;HK;7050;
819465121;2018;HM;7227123;
819643024;2017;306;3334;
819643024;2017;310;18897;
819818501;2017;290;2203;
819818501;2017;306;-39687;
819818501;2017;310;38662;
819843764;2017;DI;29297;
819843764;2017;FJ;221877;
819843764;2017;HI;-675;
819843764;2017;HK;5170;
819843764;2017;HM;192580;
819871435;2017;DI;134268;
819900002;2018;DI;58826;
819900002;2018;HM;14474;
819924820;2017;310;-239;
820102234;2018;DI;117504;
820102234;2018;FJ;1491222;
820102234;2018;HI;155;
820102234;2018;HK;28513;
820102234;2018;HM;2259503;
820204451;2017;DI;3629;
820204451;2017;FJ;85294;
820204451;2017;HI;19635;
820204451;2017;HM;154775;
820234615;2017;DI;14084;
820234615;2017;FJ;36184;
820234615;2017;HK;1964;
820234615;2017;HM;66184;
820385029;2017;DI;19023;
820385029;2017;FJ;33000;
820385029;2017;HK;3357;
820385029;2017;HM;20579;
820426195;2018;DI;47091;
820426195;2018;FJ;597649;
820426195;2018;HI;10309;
820426195;2018;HK;7352;
820426195;2018;HM;1145186;
820504520;2018;DI;225620;
820504520;2018;FJ;3359946;
820504520;2018;HK;92844;
820504520;2018;HM;1734170;
820557122;2017;DI;33681;
820557122;2017;FJ;228110;
820557122;2017;HK;5944;
820557122;2017;HM;194564;
820568855;2017;306;4636;
820568855;2017;310;27534;
820688760;2018;DI;258011;
820754372;2018;DI;42814;
820773257;2017;DI;74241;
820773257;2017;FJ;5174964;
820773257;2017;HI;-6631;
820773257;2017;HK;-4680;
820773257;2017;HM;5172549;
820868941;2018;310;-251;
821042454;2018;310;-91317;
821055787;2018;310;-286919;
821055993;2018;310;-60857;
821099413;2018;DI;43499;
821099413;2018;FJ;782227;
821099413;2018;HK;10004;
821099413;2018;HM;1569282;
821136439;2018;DI;-28216;
821136439;2018;FJ;318471;
821136439;2018;HI;18000;
821136439;2018;HM;295834;
821179355;2017;306;95;
821179355;2017;310;6018;
821205614;2018;DI;-6414;
821205614;2018;FJ;51379;
821205614;2018;HI;1852;
821205614;2018;HM;60133;
821261328;2018;DI;96680;
821261328;2018;FJ;595208;
821261328;2018;HI;-3525;
821261328;2018;HK;24700;
821261328;2018;HM;1164623;
821290129;2017;DI;26807;
821401700;2018;DI;538596;
821497021;2016;310;-6599;
821497021;2017;290;500;
821497021;2017;310;-17723;
821648474;2018;290;31029;
821648474;2018;310;22338;
821776655;2017;306;555;
821776655;2017;310;3704;
821844255;2018;290;4813;
821844255;2018;306;-150;
821844255;2018;310;-18525;
821877008;2018;DI;-1334469;
821877008;2018;HM;1349380;
821985637;2017;290;50;
821985637;2017;310;-3619;
822000709;2017;310;956;
822112132;2017;306;-390;
822112132;2017;310;-6627;
822180329;2018;306;114;
822180329;2018;310;645;
822421558;2017;306;415;
822421558;2017;310;4153;
822482949;2017;310;1269;
822599643;2018;306;998;
822599643;2018;310;5652;
822630638;2018;310;-27831;
823073168;2018;306;4967;
823073168;2018;310;29952;
823115373;2018;DI;1776696;
823115373;2018;FJ;4860295;
823115373;2018;HI;-74;
823115373;2018;HK;902348;
823115373;2018;HM;4094373;
823273172;2018;DI;53298;
823361498;2017;290;206;
823361498;2017;306;91147;
823361498;2017;310;202443;
823361498;2018;290;13996;
823361498;2018;306;182424;
823361498;2018;310;443494;
823365028;2018;DI;25358;
823365028;2018;FJ;92594;
823365028;2018;HK;4332;
823365028;2018;HM;117513;
823373873;2017;DI;3143;
823373873;2017;FJ;21810;
823373873;2017;HI;-9;
823373873;2017;HK;556;
823373873;2017;HM;18667;
823423876;2017;DI;-4447;
823423876;2017;FJ;6054;
823423876;2017;HM;10501;
823605316;2018;306;6601;
823605316;2018;310;37411;
823633219;2018;DI;-13637;
823633219;2018;HI;-5971;
823633219;2018;HM;17804;
823656210;2017;DI;3769;
823656210;2017;HK;665;
823656210;2017;HM;59076;
823661616;2017;306;49885;
823661616;2017;310;127979;
824153480;2017;310;-6649;
824182562;2017;DI;-1502;
824182562;2017;HM;734110;
824201990;2018;DI;8519;
824201990;2018;FJ;28208;
824201990;2018;HI;605;
824201990;2018;HM;72856;
824208540;2017;DI;573263;
824208540;2017;FJ;2132225;
824208540;2017;HI;-1142;
824208540;2017;HK;176250;
824208540;2017;HM;1812416;
824354658;2017;DI;-835161;
824354658;2017;FJ;14173748;
824354658;2017;HM;7952199;
824454656;2018;DI;-3901;
824454656;2018;HI;-4029;
824454656;2018;HM;37152;
824493258;2017;310;-55526;
824539449;2017;DI;20826;
824682140;2017;306;1430;
824682140;2017;310;7628;
824821268;2017;310;-9118;
825077571;2018;DI;-402;
825077571;2018;HI;-45;
825077571;2018;HM;13879;
825095995;2018;310;-2508;
825226327;2018;DI;41159;
825226327;2018;HK;5504;
825226327;2018;HM;320351;
825335912;2017;306;4243;
825335912;2017;310;24046;
825340383;2018;DI;-3000;
825340383;2018;HM;3000;
827449406;2018;DI;143987;
827644253;2017;310;-4897;
827859422;2017;310;-9526;
827894460;2017;DI;5675;
827894460;2017;FJ;216338;
827894460;2017;HI;-281;
827894460;2017;HK;2978;
827894460;2017;HM;210663;
827933060;2018;DI;-13007;
828279117;2017;310;-12815;
828280602;2018;DI;289548;
828280602;2018;FJ;5746549;
828280602;2018;HK;112923;
828280602;2018;HM;5523627;
828294538;2018;290;1557;
828294538;2018;306;8144;
828294538;2018;310;48817;
828454389;2018;306;660;
828454389;2018;310;3671;
828590778;2018;DI;-21274;
828590778;2018;HI;-135;
828590778;2018;HM;128160;
828600601;2018;306;741;
828600601;2018;310;4202;
828721563;2018;DI;-16655;
828721563;2018;HM;19470;
829176023;2018;306;-175;
829176023;2018;310;1313;
829381102;2018;DI;107700;
829478148;2017;306;519;
829478148;2017;310;3781;
829544568;2018;310;5439;
829793603;2017;306;8483;
829793603;2017;310;31418;
829843895;2017;DI;-3632;
829843895;2017;HI;-109;
829843895;2017;HM;3632;
829845015;2017;306;4348;
829845015;2017;310;23801;
829915826;2017;306;1314;
829915826;2017;310;7448;
829948199;2017;310;12753;
829992767;2018;306;7653;
829992767;2018;310;34429;
830064663;2018;DI;39987;
830064663;2018;HK;4074;
830064663;2018;HM;10356;
830449112;2018;DI;17871;
830449112;2018;FJ;385157;
830449112;2018;HI;-622;
830449112;2018;HK;2205;
830449112;2018;HM;408253;
830668976;2018;306;247;
830668976;2018;310;77399;
830892105;2017;DI;2527;
830892105;2017;FJ;2937;
830892105;2017;HM;410;
831225305;2018;DI;-5069;
831225305;2018;HM;5069;
831962618;2018;310;13035;
831990288;2018;310;-1353;
832019061;2018;290;-1;
832019061;2018;306;1544;
832019061;2018;310;8755;
832091672;2018;306;1262;
832091672;2018;310;6969;
832135776;2017;DI;-449;
832395107;2018;306;2529;
832395107;2018;310;16965;
833009509;2018;306;4521;
833009509;2018;310;73278;
833332596;2018;310;-77328;
833972623;2018;DI;28186;
833972623;2018;FJ;4876;
833972623;2018;HI;-5572;
833972623;2018;HM;112744;
834187726;2018;DI;25978;
834187726;2018;FJ;708083;
834187726;2018;HI;-3161;
834187726;2018;HK;6622;
834187726;2018;HM;682105;
840634000;2018;310;-1900;
869801142;2018;DI;-6049;
869801142;2018;FJ;7822004;
869801142;2018;HI;116130;
869801142;2018;HK;-2672;
869801142;2018;HM;16734256;
872801485;2014;DI;-313941;
872801485;2014;FJ;7864388;
872801485;2014;HI;-11580;
872801485;2014;HK;-155869;
872801485;2014;HM;5685581;
872801485;2016;DI;-378050;
872801485;2016;FJ;6511157;
872801485;2016;HI;99868;
872801485;2016;HK;-111431;
872801485;2016;HM;5152066;
945550978;2017;DI;89760;
945550978;2017;FJ;5005880;
945550978;2017;HI;-24957;
945550978;2017;HM;2467152;
946350527;2017;DI;234799;
946350527;2017;FJ;18601493;
946350527;2017;HI;-17798;
946350527;2017;HK;88860;
946350527;2017;HM;12390352;
946850500;2017;DI;9282;
946850500;2017;FJ;6452892;
946850500;2017;HI;37082;
946850500;2017;HM;13609650;
950359802;2017;DI;425893;
957805963;2018;DI;-107366;
957805963;2018;HI;15142;
